from,bus,to,time
terminal,B1,R1,10
R1,terminal,B1,10
terminal,B1,R2,9
R2,terminal,B1,9
terminal,B1,R3,10
R3,terminal,B1,10
terminal,B1,R4,9
R4,terminal,B1,9
terminal,B1,R5,13
R5,terminal,B1,13
terminal,B1,R6,10
R6,terminal,B1,10
terminal,B1,R7,10
R7,terminal,B1,10
terminal,B1,R8,10
R8,terminal,B1,10
terminal,B1,R9,11
R9,terminal,B1,11
terminal,B1,R10,12
R10,terminal,B1,12
terminal,B1,R11,11
R11,terminal,B1,11
terminal,B1,R12,10
R12,terminal,B1,10
terminal,B1,R13,11
R13,terminal,B1,11
terminal,B1,R14,11
R14,terminal,B1,11
terminal,B1,R15,8
R15,terminal,B1,8
terminal,B1,R16,10
R16,terminal,B1,10
terminal,B1,R17,11
R17,terminal,B1,11
terminal,B1,R18,9
R18,terminal,B1,9
terminal,B1,R19,9
R19,terminal,B1,9
terminal,B1,R20,10
R20,terminal,B1,10
terminal,B1,R21,7
R21,terminal,B1,7
terminal,B1,R22,10
R22,terminal,B1,10
terminal,B1,R23,11
R23,terminal,B1,11
terminal,B1,R24,8
R24,terminal,B1,8
terminal,B1,R25,8
R25,terminal,B1,8
terminal,B1,R26,10
R26,terminal,B1,10
terminal,B1,R27,8
R27,terminal,B1,8
terminal,B1,R28,5
R28,terminal,B1,5
terminal,B1,R29,6
R29,terminal,B1,6
terminal,B1,R30,14
R30,terminal,B1,14
terminal,B1,R31,11
R31,terminal,B1,11
terminal,B1,R32,9
R32,terminal,B1,9
terminal,B1,R33,11
R33,terminal,B1,11
terminal,B1,R34,8
R34,terminal,B1,8
terminal,B1,R35,9
R35,terminal,B1,9
terminal,B1,R36,11
R36,terminal,B1,11
terminal,B1,R37,10
R37,terminal,B1,10
terminal,B2,R1,10
R1,terminal,B2,10
terminal,B2,R2,10
R2,terminal,B2,10
terminal,B2,R3,7
R3,terminal,B2,7
terminal,B2,R4,10
R4,terminal,B2,10
terminal,B2,R5,11
R5,terminal,B2,11
terminal,B2,R6,11
R6,terminal,B2,11
terminal,B2,R7,10
R7,terminal,B2,10
terminal,B2,R8,9
R8,terminal,B2,9
terminal,B2,R9,9
R9,terminal,B2,9
terminal,B2,R10,10
R10,terminal,B2,10
terminal,B2,R11,9
R11,terminal,B2,9
terminal,B2,R12,4
R12,terminal,B2,4
terminal,B2,R13,10
R13,terminal,B2,10
terminal,B2,R14,8
R14,terminal,B2,8
terminal,B2,R15,13
R15,terminal,B2,13
terminal,B2,R16,5
R16,terminal,B2,5
terminal,B2,R17,7
R17,terminal,B2,7
terminal,B2,R18,12
R18,terminal,B2,12
terminal,B2,R19,8
R19,terminal,B2,8
terminal,B2,R20,11
R20,terminal,B2,11
terminal,B2,R21,12
R21,terminal,B2,12
terminal,B2,R22,11
R22,terminal,B2,11
terminal,B2,R23,7
R23,terminal,B2,7
terminal,B2,R24,12
R24,terminal,B2,12
terminal,B2,R25,9
R25,terminal,B2,9
terminal,B2,R26,9
R26,terminal,B2,9
terminal,B2,R27,12
R27,terminal,B2,12
terminal,B2,R28,11
R28,terminal,B2,11
terminal,B2,R29,6
R29,terminal,B2,6
terminal,B2,R30,8
R30,terminal,B2,8
terminal,B2,R31,8
R31,terminal,B2,8
terminal,B2,R32,10
R32,terminal,B2,10
terminal,B2,R33,12
R33,terminal,B2,12
terminal,B2,R34,12
R34,terminal,B2,12
terminal,B2,R35,8
R35,terminal,B2,8
terminal,B2,R36,8
R36,terminal,B2,8
terminal,B2,R37,11
R37,terminal,B2,11
terminal,B3,R1,7
R1,terminal,B3,7
terminal,B3,R2,11
R2,terminal,B3,11
terminal,B3,R3,12
R3,terminal,B3,12
terminal,B3,R4,9
R4,terminal,B3,9
terminal,B3,R5,10
R5,terminal,B3,10
terminal,B3,R6,10
R6,terminal,B3,10
terminal,B3,R7,11
R7,terminal,B3,11
terminal,B3,R8,8
R8,terminal,B3,8
terminal,B3,R9,10
R9,terminal,B3,10
terminal,B3,R10,9
R10,terminal,B3,9
terminal,B3,R11,7
R11,terminal,B3,7
terminal,B3,R12,12
R12,terminal,B3,12
terminal,B3,R13,9
R13,terminal,B3,9
terminal,B3,R14,5
R14,terminal,B3,5
terminal,B3,R15,10
R15,terminal,B3,10
terminal,B3,R16,6
R16,terminal,B3,6
terminal,B3,R17,11
R17,terminal,B3,11
terminal,B3,R18,10
R18,terminal,B3,10
terminal,B3,R19,7
R19,terminal,B3,7
terminal,B3,R20,8
R20,terminal,B3,8
terminal,B3,R21,7
R21,terminal,B3,7
terminal,B3,R22,7
R22,terminal,B3,7
terminal,B3,R23,6
R23,terminal,B3,6
terminal,B3,R24,11
R24,terminal,B3,11
terminal,B3,R25,11
R25,terminal,B3,11
terminal,B3,R26,11
R26,terminal,B3,11
terminal,B3,R27,9
R27,terminal,B3,9
terminal,B3,R28,10
R28,terminal,B3,10
terminal,B3,R29,14
R29,terminal,B3,14
terminal,B3,R30,9
R30,terminal,B3,9
terminal,B3,R31,11
R31,terminal,B3,11
terminal,B3,R32,14
R32,terminal,B3,14
terminal,B3,R33,9
R33,terminal,B3,9
terminal,B3,R34,8
R34,terminal,B3,8
terminal,B3,R35,13
R35,terminal,B3,13
terminal,B3,R36,12
R36,terminal,B3,12
terminal,B3,R37,10
R37,terminal,B3,10
terminal,B4,R1,9
R1,terminal,B4,9
terminal,B4,R2,11
R2,terminal,B4,11
terminal,B4,R3,8
R3,terminal,B4,8
terminal,B4,R4,9
R4,terminal,B4,9
terminal,B4,R5,9
R5,terminal,B4,9
terminal,B4,R6,8
R6,terminal,B4,8
terminal,B4,R7,10
R7,terminal,B4,10
terminal,B4,R8,10
R8,terminal,B4,10
terminal,B4,R9,8
R9,terminal,B4,8
terminal,B4,R10,10
R10,terminal,B4,10
terminal,B4,R11,10
R11,terminal,B4,10
terminal,B4,R12,11
R12,terminal,B4,11
terminal,B4,R13,9
R13,terminal,B4,9
terminal,B4,R14,8
R14,terminal,B4,8
terminal,B4,R15,9
R15,terminal,B4,9
terminal,B4,R16,6
R16,terminal,B4,6
terminal,B4,R17,8
R17,terminal,B4,8
terminal,B4,R18,7
R18,terminal,B4,7
terminal,B4,R19,10
R19,terminal,B4,10
terminal,B4,R20,5
R20,terminal,B4,5
terminal,B4,R21,11
R21,terminal,B4,11
terminal,B4,R22,12
R22,terminal,B4,12
terminal,B4,R23,10
R23,terminal,B4,10
terminal,B4,R24,12
R24,terminal,B4,12
terminal,B4,R25,8
R25,terminal,B4,8
terminal,B4,R26,10
R26,terminal,B4,10
terminal,B4,R27,5
R27,terminal,B4,5
terminal,B4,R28,12
R28,terminal,B4,12
terminal,B4,R29,12
R29,terminal,B4,12
terminal,B4,R30,10
R30,terminal,B4,10
terminal,B4,R31,11
R31,terminal,B4,11
terminal,B4,R32,9
R32,terminal,B4,9
terminal,B4,R33,13
R33,terminal,B4,13
terminal,B4,R34,10
R34,terminal,B4,10
terminal,B4,R35,7
R35,terminal,B4,7
terminal,B4,R36,8
R36,terminal,B4,8
terminal,B4,R37,8
R37,terminal,B4,8
terminal,B5,R1,7
R1,terminal,B5,7
terminal,B5,R2,10
R2,terminal,B5,10
terminal,B5,R3,8
R3,terminal,B5,8
terminal,B5,R4,9
R4,terminal,B5,9
terminal,B5,R5,8
R5,terminal,B5,8
terminal,B5,R6,8
R6,terminal,B5,8
terminal,B5,R7,8
R7,terminal,B5,8
terminal,B5,R8,13
R8,terminal,B5,13
terminal,B5,R9,7
R9,terminal,B5,7
terminal,B5,R10,10
R10,terminal,B5,10
terminal,B5,R11,8
R11,terminal,B5,8
terminal,B5,R12,13
R12,terminal,B5,13
terminal,B5,R13,10
R13,terminal,B5,10
terminal,B5,R14,11
R14,terminal,B5,11
terminal,B5,R15,10
R15,terminal,B5,10
terminal,B5,R16,9
R16,terminal,B5,9
terminal,B5,R17,4
R17,terminal,B5,4
terminal,B5,R18,13
R18,terminal,B5,13
terminal,B5,R19,12
R19,terminal,B5,12
terminal,B5,R20,10
R20,terminal,B5,10
terminal,B5,R21,9
R21,terminal,B5,9
terminal,B5,R22,14
R22,terminal,B5,14
terminal,B5,R23,7
R23,terminal,B5,7
terminal,B5,R24,11
R24,terminal,B5,11
terminal,B5,R25,9
R25,terminal,B5,9
terminal,B5,R26,9
R26,terminal,B5,9
terminal,B5,R27,7
R27,terminal,B5,7
terminal,B5,R28,9
R28,terminal,B5,9
terminal,B5,R29,7
R29,terminal,B5,7
terminal,B5,R30,12
R30,terminal,B5,12
terminal,B5,R31,7
R31,terminal,B5,7
terminal,B5,R32,8
R32,terminal,B5,8
terminal,B5,R33,10
R33,terminal,B5,10
terminal,B5,R34,8
R34,terminal,B5,8
terminal,B5,R35,10
R35,terminal,B5,10
terminal,B5,R36,7
R36,terminal,B5,7
terminal,B5,R37,7
R37,terminal,B5,7
terminal,B6,R1,11
R1,terminal,B6,11
terminal,B6,R2,12
R2,terminal,B6,12
terminal,B6,R3,8
R3,terminal,B6,8
terminal,B6,R4,5
R4,terminal,B6,5
terminal,B6,R5,11
R5,terminal,B6,11
terminal,B6,R6,10
R6,terminal,B6,10
terminal,B6,R7,11
R7,terminal,B6,11
terminal,B6,R8,9
R8,terminal,B6,9
terminal,B6,R9,12
R9,terminal,B6,12
terminal,B6,R10,11
R10,terminal,B6,11
terminal,B6,R11,9
R11,terminal,B6,9
terminal,B6,R12,10
R12,terminal,B6,10
terminal,B6,R13,6
R13,terminal,B6,6
terminal,B6,R14,9
R14,terminal,B6,9
terminal,B6,R15,11
R15,terminal,B6,11
terminal,B6,R16,7
R16,terminal,B6,7
terminal,B6,R17,12
R17,terminal,B6,12
terminal,B6,R18,6
R18,terminal,B6,6
terminal,B6,R19,8
R19,terminal,B6,8
terminal,B6,R20,9
R20,terminal,B6,9
terminal,B6,R21,7
R21,terminal,B6,7
terminal,B6,R22,9
R22,terminal,B6,9
terminal,B6,R23,9
R23,terminal,B6,9
terminal,B6,R24,13
R24,terminal,B6,13
terminal,B6,R25,10
R25,terminal,B6,10
terminal,B6,R26,6
R26,terminal,B6,6
terminal,B6,R27,8
R27,terminal,B6,8
terminal,B6,R28,12
R28,terminal,B6,12
terminal,B6,R29,10
R29,terminal,B6,10
terminal,B6,R30,13
R30,terminal,B6,13
terminal,B6,R31,6
R31,terminal,B6,6
terminal,B6,R32,10
R32,terminal,B6,10
terminal,B6,R33,10
R33,terminal,B6,10
terminal,B6,R34,8
R34,terminal,B6,8
terminal,B6,R35,9
R35,terminal,B6,9
terminal,B6,R36,7
R36,terminal,B6,7
terminal,B6,R37,12
R37,terminal,B6,12
terminal,B7,R1,10
R1,terminal,B7,10
terminal,B7,R2,11
R2,terminal,B7,11
terminal,B7,R3,6
R3,terminal,B7,6
terminal,B7,R4,12
R4,terminal,B7,12
terminal,B7,R5,12
R5,terminal,B7,12
terminal,B7,R6,8
R6,terminal,B7,8
terminal,B7,R7,9
R7,terminal,B7,9
terminal,B7,R8,7
R8,terminal,B7,7
terminal,B7,R9,7
R9,terminal,B7,7
terminal,B7,R10,7
R10,terminal,B7,7
terminal,B7,R11,11
R11,terminal,B7,11
terminal,B7,R12,10
R12,terminal,B7,10
terminal,B7,R13,10
R13,terminal,B7,10
terminal,B7,R14,11
R14,terminal,B7,11
terminal,B7,R15,7
R15,terminal,B7,7
terminal,B7,R16,5
R16,terminal,B7,5
terminal,B7,R17,11
R17,terminal,B7,11
terminal,B7,R18,8
R18,terminal,B7,8
terminal,B7,R19,7
R19,terminal,B7,7
terminal,B7,R20,8
R20,terminal,B7,8
terminal,B7,R21,9
R21,terminal,B7,9
terminal,B7,R22,10
R22,terminal,B7,10
terminal,B7,R23,9
R23,terminal,B7,9
terminal,B7,R24,7
R24,terminal,B7,7
terminal,B7,R25,8
R25,terminal,B7,8
terminal,B7,R26,10
R26,terminal,B7,10
terminal,B7,R27,12
R27,terminal,B7,12
terminal,B7,R28,12
R28,terminal,B7,12
terminal,B7,R29,6
R29,terminal,B7,6
terminal,B7,R30,9
R30,terminal,B7,9
terminal,B7,R31,12
R31,terminal,B7,12
terminal,B7,R32,12
R32,terminal,B7,12
terminal,B7,R33,11
R33,terminal,B7,11
terminal,B7,R34,9
R34,terminal,B7,9
terminal,B7,R35,8
R35,terminal,B7,8
terminal,B7,R36,12
R36,terminal,B7,12
terminal,B7,R37,11
R37,terminal,B7,11
terminal,B8,R1,14
R1,terminal,B8,14
terminal,B8,R2,11
R2,terminal,B8,11
terminal,B8,R3,11
R3,terminal,B8,11
terminal,B8,R4,8
R4,terminal,B8,8
terminal,B8,R5,10
R5,terminal,B8,10
terminal,B8,R6,11
R6,terminal,B8,11
terminal,B8,R7,9
R7,terminal,B8,9
terminal,B8,R8,8
R8,terminal,B8,8
terminal,B8,R9,10
R9,terminal,B8,10
terminal,B8,R10,11
R10,terminal,B8,11
terminal,B8,R11,11
R11,terminal,B8,11
terminal,B8,R12,10
R12,terminal,B8,10
terminal,B8,R13,8
R13,terminal,B8,8
terminal,B8,R14,7
R14,terminal,B8,7
terminal,B8,R15,6
R15,terminal,B8,6
terminal,B8,R16,9
R16,terminal,B8,9
terminal,B8,R17,9
R17,terminal,B8,9
terminal,B8,R18,11
R18,terminal,B8,11
terminal,B8,R19,13
R19,terminal,B8,13
terminal,B8,R20,8
R20,terminal,B8,8
terminal,B8,R21,8
R21,terminal,B8,8
terminal,B8,R22,11
R22,terminal,B8,11
terminal,B8,R23,14
R23,terminal,B8,14
terminal,B8,R24,8
R24,terminal,B8,8
terminal,B8,R25,5
R25,terminal,B8,5
terminal,B8,R26,10
R26,terminal,B8,10
terminal,B8,R27,9
R27,terminal,B8,9
terminal,B8,R28,8
R28,terminal,B8,8
terminal,B8,R29,11
R29,terminal,B8,11
terminal,B8,R30,5
R30,terminal,B8,5
terminal,B8,R31,9
R31,terminal,B8,9
terminal,B8,R32,6
R32,terminal,B8,6
terminal,B8,R33,13
R33,terminal,B8,13
terminal,B8,R34,9
R34,terminal,B8,9
terminal,B8,R35,10
R35,terminal,B8,10
terminal,B8,R36,6
R36,terminal,B8,6
terminal,B8,R37,11
R37,terminal,B8,11
terminal,B9,R1,11
R1,terminal,B9,11
terminal,B9,R2,8
R2,terminal,B9,8
terminal,B9,R3,10
R3,terminal,B9,10
terminal,B9,R4,10
R4,terminal,B9,10
terminal,B9,R5,11
R5,terminal,B9,11
terminal,B9,R6,7
R6,terminal,B9,7
terminal,B9,R7,13
R7,terminal,B9,13
terminal,B9,R8,10
R8,terminal,B9,10
terminal,B9,R9,6
R9,terminal,B9,6
terminal,B9,R10,6
R10,terminal,B9,6
terminal,B9,R11,8
R11,terminal,B9,8
terminal,B9,R12,9
R12,terminal,B9,9
terminal,B9,R13,12
R13,terminal,B9,12
terminal,B9,R14,11
R14,terminal,B9,11
terminal,B9,R15,11
R15,terminal,B9,11
terminal,B9,R16,11
R16,terminal,B9,11
terminal,B9,R17,11
R17,terminal,B9,11
terminal,B9,R18,15
R18,terminal,B9,15
terminal,B9,R19,11
R19,terminal,B9,11
terminal,B9,R20,12
R20,terminal,B9,12
terminal,B9,R21,7
R21,terminal,B9,7
terminal,B9,R22,10
R22,terminal,B9,10
terminal,B9,R23,7
R23,terminal,B9,7
terminal,B9,R24,9
R24,terminal,B9,9
terminal,B9,R25,14
R25,terminal,B9,14
terminal,B9,R26,7
R26,terminal,B9,7
terminal,B9,R27,10
R27,terminal,B9,10
terminal,B9,R28,8
R28,terminal,B9,8
terminal,B9,R29,13
R29,terminal,B9,13
terminal,B9,R30,10
R30,terminal,B9,10
terminal,B9,R31,13
R31,terminal,B9,13
terminal,B9,R32,12
R32,terminal,B9,12
terminal,B9,R33,9
R33,terminal,B9,9
terminal,B9,R34,8
R34,terminal,B9,8
terminal,B9,R35,10
R35,terminal,B9,10
terminal,B9,R36,10
R36,terminal,B9,10
terminal,B9,R37,5
R37,terminal,B9,5
terminal,B10,R1,10
R1,terminal,B10,10
terminal,B10,R2,9
R2,terminal,B10,9
terminal,B10,R3,10
R3,terminal,B10,10
terminal,B10,R4,7
R4,terminal,B10,7
terminal,B10,R5,9
R5,terminal,B10,9
terminal,B10,R6,8
R6,terminal,B10,8
terminal,B10,R7,8
R7,terminal,B10,8
terminal,B10,R8,11
R8,terminal,B10,11
terminal,B10,R9,11
R9,terminal,B10,11
terminal,B10,R10,13
R10,terminal,B10,13
terminal,B10,R11,12
R11,terminal,B10,12
terminal,B10,R12,8
R12,terminal,B10,8
terminal,B10,R13,11
R13,terminal,B10,11
terminal,B10,R14,6
R14,terminal,B10,6
terminal,B10,R15,11
R15,terminal,B10,11
terminal,B10,R16,8
R16,terminal,B10,8
terminal,B10,R17,9
R17,terminal,B10,9
terminal,B10,R18,11
R18,terminal,B10,11
terminal,B10,R19,9
R19,terminal,B10,9
terminal,B10,R20,10
R20,terminal,B10,10
terminal,B10,R21,11
R21,terminal,B10,11
terminal,B10,R22,9
R22,terminal,B10,9
terminal,B10,R23,14
R23,terminal,B10,14
terminal,B10,R24,6
R24,terminal,B10,6
terminal,B10,R25,8
R25,terminal,B10,8
terminal,B10,R26,9
R26,terminal,B10,9
terminal,B10,R27,9
R27,terminal,B10,9
terminal,B10,R28,9
R28,terminal,B10,9
terminal,B10,R29,13
R29,terminal,B10,13
terminal,B10,R30,9
R30,terminal,B10,9
terminal,B10,R31,8
R31,terminal,B10,8
terminal,B10,R32,9
R32,terminal,B10,9
terminal,B10,R33,9
R33,terminal,B10,9
terminal,B10,R34,8
R34,terminal,B10,8
terminal,B10,R35,12
R35,terminal,B10,12
terminal,B10,R36,8
R36,terminal,B10,8
terminal,B10,R37,8
R37,terminal,B10,8
terminal,B11,R1,11
R1,terminal,B11,11
terminal,B11,R2,10
R2,terminal,B11,10
terminal,B11,R3,9
R3,terminal,B11,9
terminal,B11,R4,6
R4,terminal,B11,6
terminal,B11,R5,13
R5,terminal,B11,13
terminal,B11,R6,10
R6,terminal,B11,10
terminal,B11,R7,10
R7,terminal,B11,10
terminal,B11,R8,7
R8,terminal,B11,7
terminal,B11,R9,9
R9,terminal,B11,9
terminal,B11,R10,14
R10,terminal,B11,14
terminal,B11,R11,6
R11,terminal,B11,6
terminal,B11,R12,7
R12,terminal,B11,7
terminal,B11,R13,7
R13,terminal,B11,7
terminal,B11,R14,11
R14,terminal,B11,11
terminal,B11,R15,7
R15,terminal,B11,7
terminal,B11,R16,9
R16,terminal,B11,9
terminal,B11,R17,8
R17,terminal,B11,8
terminal,B11,R18,12
R18,terminal,B11,12
terminal,B11,R19,12
R19,terminal,B11,12
terminal,B11,R20,10
R20,terminal,B11,10
terminal,B11,R21,9
R21,terminal,B11,9
terminal,B11,R22,5
R22,terminal,B11,5
terminal,B11,R23,8
R23,terminal,B11,8
terminal,B11,R24,9
R24,terminal,B11,9
terminal,B11,R25,8
R25,terminal,B11,8
terminal,B11,R26,12
R26,terminal,B11,12
terminal,B11,R27,13
R27,terminal,B11,13
terminal,B11,R28,15
R28,terminal,B11,15
terminal,B11,R29,10
R29,terminal,B11,10
terminal,B11,R30,7
R30,terminal,B11,7
terminal,B11,R31,8
R31,terminal,B11,8
terminal,B11,R32,10
R32,terminal,B11,10
terminal,B11,R33,10
R33,terminal,B11,10
terminal,B11,R34,11
R34,terminal,B11,11
terminal,B11,R35,10
R35,terminal,B11,10
terminal,B11,R36,11
R36,terminal,B11,11
terminal,B11,R37,9
R37,terminal,B11,9
terminal,B12,R1,7
R1,terminal,B12,7
terminal,B12,R2,12
R2,terminal,B12,12
terminal,B12,R3,13
R3,terminal,B12,13
terminal,B12,R4,8
R4,terminal,B12,8
terminal,B12,R5,8
R5,terminal,B12,8
terminal,B12,R6,10
R6,terminal,B12,10
terminal,B12,R7,13
R7,terminal,B12,13
terminal,B12,R8,8
R8,terminal,B12,8
terminal,B12,R9,7
R9,terminal,B12,7
terminal,B12,R10,10
R10,terminal,B12,10
terminal,B12,R11,10
R11,terminal,B12,10
terminal,B12,R12,6
R12,terminal,B12,6
terminal,B12,R13,9
R13,terminal,B12,9
terminal,B12,R14,9
R14,terminal,B12,9
terminal,B12,R15,9
R15,terminal,B12,9
terminal,B12,R16,9
R16,terminal,B12,9
terminal,B12,R17,9
R17,terminal,B12,9
terminal,B12,R18,8
R18,terminal,B12,8
terminal,B12,R19,11
R19,terminal,B12,11
terminal,B12,R20,9
R20,terminal,B12,9
terminal,B12,R21,9
R21,terminal,B12,9
terminal,B12,R22,11
R22,terminal,B12,11
terminal,B12,R23,8
R23,terminal,B12,8
terminal,B12,R24,8
R24,terminal,B12,8
terminal,B12,R25,10
R25,terminal,B12,10
terminal,B12,R26,11
R26,terminal,B12,11
terminal,B12,R27,7
R27,terminal,B12,7
terminal,B12,R28,12
R28,terminal,B12,12
terminal,B12,R29,6
R29,terminal,B12,6
terminal,B12,R30,9
R30,terminal,B12,9
terminal,B12,R31,9
R31,terminal,B12,9
terminal,B12,R32,7
R32,terminal,B12,7
terminal,B12,R33,11
R33,terminal,B12,11
terminal,B12,R34,6
R34,terminal,B12,6
terminal,B12,R35,10
R35,terminal,B12,10
terminal,B12,R36,8
R36,terminal,B12,8
terminal,B12,R37,9
R37,terminal,B12,9
terminal,B13,R1,11
R1,terminal,B13,11
terminal,B13,R2,10
R2,terminal,B13,10
terminal,B13,R3,12
R3,terminal,B13,12
terminal,B13,R4,10
R4,terminal,B13,10
terminal,B13,R5,7
R5,terminal,B13,7
terminal,B13,R6,11
R6,terminal,B13,11
terminal,B13,R7,10
R7,terminal,B13,10
terminal,B13,R8,12
R8,terminal,B13,12
terminal,B13,R9,7
R9,terminal,B13,7
terminal,B13,R10,11
R10,terminal,B13,11
terminal,B13,R11,6
R11,terminal,B13,6
terminal,B13,R12,9
R12,terminal,B13,9
terminal,B13,R13,9
R13,terminal,B13,9
terminal,B13,R14,9
R14,terminal,B13,9
terminal,B13,R15,12
R15,terminal,B13,12
terminal,B13,R16,12
R16,terminal,B13,12
terminal,B13,R17,9
R17,terminal,B13,9
terminal,B13,R18,12
R18,terminal,B13,12
terminal,B13,R19,7
R19,terminal,B13,7
terminal,B13,R20,8
R20,terminal,B13,8
terminal,B13,R21,11
R21,terminal,B13,11
terminal,B13,R22,8
R22,terminal,B13,8
terminal,B13,R23,11
R23,terminal,B13,11
terminal,B13,R24,9
R24,terminal,B13,9
terminal,B13,R25,8
R25,terminal,B13,8
terminal,B13,R26,11
R26,terminal,B13,11
terminal,B13,R27,12
R27,terminal,B13,12
terminal,B13,R28,8
R28,terminal,B13,8
terminal,B13,R29,11
R29,terminal,B13,11
terminal,B13,R30,6
R30,terminal,B13,6
terminal,B13,R31,13
R31,terminal,B13,13
terminal,B13,R32,9
R32,terminal,B13,9
terminal,B13,R33,10
R33,terminal,B13,10
terminal,B13,R34,9
R34,terminal,B13,9
terminal,B13,R35,13
R35,terminal,B13,13
terminal,B13,R36,12
R36,terminal,B13,12
terminal,B13,R37,11
R37,terminal,B13,11
terminal,B14,R1,11
R1,terminal,B14,11
terminal,B14,R2,8
R2,terminal,B14,8
terminal,B14,R3,8
R3,terminal,B14,8
terminal,B14,R4,10
R4,terminal,B14,10
terminal,B14,R5,14
R5,terminal,B14,14
terminal,B14,R6,9
R6,terminal,B14,9
terminal,B14,R7,11
R7,terminal,B14,11
terminal,B14,R8,6
R8,terminal,B14,6
terminal,B14,R9,8
R9,terminal,B14,8
terminal,B14,R10,10
R10,terminal,B14,10
terminal,B14,R11,9
R11,terminal,B14,9
terminal,B14,R12,7
R12,terminal,B14,7
terminal,B14,R13,10
R13,terminal,B14,10
terminal,B14,R14,13
R14,terminal,B14,13
terminal,B14,R15,9
R15,terminal,B14,9
terminal,B14,R16,11
R16,terminal,B14,11
terminal,B14,R17,12
R17,terminal,B14,12
terminal,B14,R18,10
R18,terminal,B14,10
terminal,B14,R19,13
R19,terminal,B14,13
terminal,B14,R20,10
R20,terminal,B14,10
terminal,B14,R21,5
R21,terminal,B14,5
terminal,B14,R22,10
R22,terminal,B14,10
terminal,B14,R23,11
R23,terminal,B14,11
terminal,B14,R24,10
R24,terminal,B14,10
terminal,B14,R25,7
R25,terminal,B14,7
terminal,B14,R26,12
R26,terminal,B14,12
terminal,B14,R27,7
R27,terminal,B14,7
terminal,B14,R28,11
R28,terminal,B14,11
terminal,B14,R29,6
R29,terminal,B14,6
terminal,B14,R30,9
R30,terminal,B14,9
terminal,B14,R31,7
R31,terminal,B14,7
terminal,B14,R32,9
R32,terminal,B14,9
terminal,B14,R33,10
R33,terminal,B14,10
terminal,B14,R34,8
R34,terminal,B14,8
terminal,B14,R35,15
R35,terminal,B14,15
terminal,B14,R36,9
R36,terminal,B14,9
terminal,B14,R37,10
R37,terminal,B14,10
terminal,B15,R1,8
R1,terminal,B15,8
terminal,B15,R2,6
R2,terminal,B15,6
terminal,B15,R3,10
R3,terminal,B15,10
terminal,B15,R4,9
R4,terminal,B15,9
terminal,B15,R5,11
R5,terminal,B15,11
terminal,B15,R6,8
R6,terminal,B15,8
terminal,B15,R7,9
R7,terminal,B15,9
terminal,B15,R8,10
R8,terminal,B15,10
terminal,B15,R9,8
R9,terminal,B15,8
terminal,B15,R10,12
R10,terminal,B15,12
terminal,B15,R11,12
R11,terminal,B15,12
terminal,B15,R12,7
R12,terminal,B15,7
terminal,B15,R13,12
R13,terminal,B15,12
terminal,B15,R14,9
R14,terminal,B15,9
terminal,B15,R15,8
R15,terminal,B15,8
terminal,B15,R16,10
R16,terminal,B15,10
terminal,B15,R17,10
R17,terminal,B15,10
terminal,B15,R18,9
R18,terminal,B15,9
terminal,B15,R19,12
R19,terminal,B15,12
terminal,B15,R20,9
R20,terminal,B15,9
terminal,B15,R21,12
R21,terminal,B15,12
terminal,B15,R22,10
R22,terminal,B15,10
terminal,B15,R23,13
R23,terminal,B15,13
terminal,B15,R24,9
R24,terminal,B15,9
terminal,B15,R25,10
R25,terminal,B15,10
terminal,B15,R26,10
R26,terminal,B15,10
terminal,B15,R27,12
R27,terminal,B15,12
terminal,B15,R28,11
R28,terminal,B15,11
terminal,B15,R29,11
R29,terminal,B15,11
terminal,B15,R30,9
R30,terminal,B15,9
terminal,B15,R31,8
R31,terminal,B15,8
terminal,B15,R32,6
R32,terminal,B15,6
terminal,B15,R33,11
R33,terminal,B15,11
terminal,B15,R34,11
R34,terminal,B15,11
terminal,B15,R35,8
R35,terminal,B15,8
terminal,B15,R36,6
R36,terminal,B15,6
terminal,B15,R37,12
R37,terminal,B15,12
terminal,B16,R1,8
R1,terminal,B16,8
terminal,B16,R2,5
R2,terminal,B16,5
terminal,B16,R3,9
R3,terminal,B16,9
terminal,B16,R4,7
R4,terminal,B16,7
terminal,B16,R5,11
R5,terminal,B16,11
terminal,B16,R6,9
R6,terminal,B16,9
terminal,B16,R7,9
R7,terminal,B16,9
terminal,B16,R8,12
R8,terminal,B16,12
terminal,B16,R9,7
R9,terminal,B16,7
terminal,B16,R10,10
R10,terminal,B16,10
terminal,B16,R11,9
R11,terminal,B16,9
terminal,B16,R12,9
R12,terminal,B16,9
terminal,B16,R13,10
R13,terminal,B16,10
terminal,B16,R14,8
R14,terminal,B16,8
terminal,B16,R15,8
R15,terminal,B16,8
terminal,B16,R16,7
R16,terminal,B16,7
terminal,B16,R17,9
R17,terminal,B16,9
terminal,B16,R18,9
R18,terminal,B16,9
terminal,B16,R19,9
R19,terminal,B16,9
terminal,B16,R20,9
R20,terminal,B16,9
terminal,B16,R21,9
R21,terminal,B16,9
terminal,B16,R22,10
R22,terminal,B16,10
terminal,B16,R23,15
R23,terminal,B16,15
terminal,B16,R24,7
R24,terminal,B16,7
terminal,B16,R25,12
R25,terminal,B16,12
terminal,B16,R26,10
R26,terminal,B16,10
terminal,B16,R27,9
R27,terminal,B16,9
terminal,B16,R28,10
R28,terminal,B16,10
terminal,B16,R29,9
R29,terminal,B16,9
terminal,B16,R30,7
R30,terminal,B16,7
terminal,B16,R31,13
R31,terminal,B16,13
terminal,B16,R32,11
R32,terminal,B16,11
terminal,B16,R33,8
R33,terminal,B16,8
terminal,B16,R34,8
R34,terminal,B16,8
terminal,B16,R35,7
R35,terminal,B16,7
terminal,B16,R36,7
R36,terminal,B16,7
terminal,B16,R37,7
R37,terminal,B16,7
terminal,B17,R1,9
R1,terminal,B17,9
terminal,B17,R2,9
R2,terminal,B17,9
terminal,B17,R3,9
R3,terminal,B17,9
terminal,B17,R4,10
R4,terminal,B17,10
terminal,B17,R5,11
R5,terminal,B17,11
terminal,B17,R6,11
R6,terminal,B17,11
terminal,B17,R7,12
R7,terminal,B17,12
terminal,B17,R8,10
R8,terminal,B17,10
terminal,B17,R9,9
R9,terminal,B17,9
terminal,B17,R10,10
R10,terminal,B17,10
terminal,B17,R11,9
R11,terminal,B17,9
terminal,B17,R12,12
R12,terminal,B17,12
terminal,B17,R13,12
R13,terminal,B17,12
terminal,B17,R14,13
R14,terminal,B17,13
terminal,B17,R15,12
R15,terminal,B17,12
terminal,B17,R16,8
R16,terminal,B17,8
terminal,B17,R17,6
R17,terminal,B17,6
terminal,B17,R18,10
R18,terminal,B17,10
terminal,B17,R19,11
R19,terminal,B17,11
terminal,B17,R20,9
R20,terminal,B17,9
terminal,B17,R21,9
R21,terminal,B17,9
terminal,B17,R22,9
R22,terminal,B17,9
terminal,B17,R23,13
R23,terminal,B17,13
terminal,B17,R24,9
R24,terminal,B17,9
terminal,B17,R25,8
R25,terminal,B17,8
terminal,B17,R26,6
R26,terminal,B17,6
terminal,B17,R27,10
R27,terminal,B17,10
terminal,B17,R28,10
R28,terminal,B17,10
terminal,B17,R29,8
R29,terminal,B17,8
terminal,B17,R30,12
R30,terminal,B17,12
terminal,B17,R31,11
R31,terminal,B17,11
terminal,B17,R32,9
R32,terminal,B17,9
terminal,B17,R33,9
R33,terminal,B17,9
terminal,B17,R34,12
R34,terminal,B17,12
terminal,B17,R35,10
R35,terminal,B17,10
terminal,B17,R36,10
R36,terminal,B17,10
terminal,B17,R37,12
R37,terminal,B17,12
terminal,B18,R1,9
R1,terminal,B18,9
terminal,B18,R2,11
R2,terminal,B18,11
terminal,B18,R3,10
R3,terminal,B18,10
terminal,B18,R4,9
R4,terminal,B18,9
terminal,B18,R5,9
R5,terminal,B18,9
terminal,B18,R6,13
R6,terminal,B18,13
terminal,B18,R7,8
R7,terminal,B18,8
terminal,B18,R8,7
R8,terminal,B18,7
terminal,B18,R9,12
R9,terminal,B18,12
terminal,B18,R10,10
R10,terminal,B18,10
terminal,B18,R11,10
R11,terminal,B18,10
terminal,B18,R12,12
R12,terminal,B18,12
terminal,B18,R13,10
R13,terminal,B18,10
terminal,B18,R14,12
R14,terminal,B18,12
terminal,B18,R15,8
R15,terminal,B18,8
terminal,B18,R16,12
R16,terminal,B18,12
terminal,B18,R17,10
R17,terminal,B18,10
terminal,B18,R18,10
R18,terminal,B18,10
terminal,B18,R19,7
R19,terminal,B18,7
terminal,B18,R20,16
R20,terminal,B18,16
terminal,B18,R21,11
R21,terminal,B18,11
terminal,B18,R22,11
R22,terminal,B18,11
terminal,B18,R23,12
R23,terminal,B18,12
terminal,B18,R24,9
R24,terminal,B18,9
terminal,B18,R25,11
R25,terminal,B18,11
terminal,B18,R26,9
R26,terminal,B18,9
terminal,B18,R27,9
R27,terminal,B18,9
terminal,B18,R28,10
R28,terminal,B18,10
terminal,B18,R29,7
R29,terminal,B18,7
terminal,B18,R30,12
R30,terminal,B18,12
terminal,B18,R31,11
R31,terminal,B18,11
terminal,B18,R32,8
R32,terminal,B18,8
terminal,B18,R33,11
R33,terminal,B18,11
terminal,B18,R34,12
R34,terminal,B18,12
terminal,B18,R35,11
R35,terminal,B18,11
terminal,B18,R36,8
R36,terminal,B18,8
terminal,B18,R37,13
R37,terminal,B18,13
terminal,B19,R1,10
R1,terminal,B19,10
terminal,B19,R2,10
R2,terminal,B19,10
terminal,B19,R3,8
R3,terminal,B19,8
terminal,B19,R4,8
R4,terminal,B19,8
terminal,B19,R5,9
R5,terminal,B19,9
terminal,B19,R6,5
R6,terminal,B19,5
terminal,B19,R7,10
R7,terminal,B19,10
terminal,B19,R8,11
R8,terminal,B19,11
terminal,B19,R9,9
R9,terminal,B19,9
terminal,B19,R10,10
R10,terminal,B19,10
terminal,B19,R11,8
R11,terminal,B19,8
terminal,B19,R12,14
R12,terminal,B19,14
terminal,B19,R13,13
R13,terminal,B19,13
terminal,B19,R14,10
R14,terminal,B19,10
terminal,B19,R15,11
R15,terminal,B19,11
terminal,B19,R16,8
R16,terminal,B19,8
terminal,B19,R17,10
R17,terminal,B19,10
terminal,B19,R18,10
R18,terminal,B19,10
terminal,B19,R19,9
R19,terminal,B19,9
terminal,B19,R20,8
R20,terminal,B19,8
terminal,B19,R21,7
R21,terminal,B19,7
terminal,B19,R22,11
R22,terminal,B19,11
terminal,B19,R23,9
R23,terminal,B19,9
terminal,B19,R24,10
R24,terminal,B19,10
terminal,B19,R25,9
R25,terminal,B19,9
terminal,B19,R26,9
R26,terminal,B19,9
terminal,B19,R27,8
R27,terminal,B19,8
terminal,B19,R28,8
R28,terminal,B19,8
terminal,B19,R29,7
R29,terminal,B19,7
terminal,B19,R30,8
R30,terminal,B19,8
terminal,B19,R31,9
R31,terminal,B19,9
terminal,B19,R32,9
R32,terminal,B19,9
terminal,B19,R33,8
R33,terminal,B19,8
terminal,B19,R34,7
R34,terminal,B19,7
terminal,B19,R35,10
R35,terminal,B19,10
terminal,B19,R36,9
R36,terminal,B19,9
terminal,B19,R37,12
R37,terminal,B19,12
terminal,B20,R1,7
R1,terminal,B20,7
terminal,B20,R2,8
R2,terminal,B20,8
terminal,B20,R3,10
R3,terminal,B20,10
terminal,B20,R4,10
R4,terminal,B20,10
terminal,B20,R5,11
R5,terminal,B20,11
terminal,B20,R6,11
R6,terminal,B20,11
terminal,B20,R7,8
R7,terminal,B20,8
terminal,B20,R8,10
R8,terminal,B20,10
terminal,B20,R9,6
R9,terminal,B20,6
terminal,B20,R10,10
R10,terminal,B20,10
terminal,B20,R11,10
R11,terminal,B20,10
terminal,B20,R12,9
R12,terminal,B20,9
terminal,B20,R13,8
R13,terminal,B20,8
terminal,B20,R14,8
R14,terminal,B20,8
terminal,B20,R15,11
R15,terminal,B20,11
terminal,B20,R16,6
R16,terminal,B20,6
terminal,B20,R17,10
R17,terminal,B20,10
terminal,B20,R18,8
R18,terminal,B20,8
terminal,B20,R19,7
R19,terminal,B20,7
terminal,B20,R20,11
R20,terminal,B20,11
terminal,B20,R21,11
R21,terminal,B20,11
terminal,B20,R22,9
R22,terminal,B20,9
terminal,B20,R23,14
R23,terminal,B20,14
terminal,B20,R24,9
R24,terminal,B20,9
terminal,B20,R25,10
R25,terminal,B20,10
terminal,B20,R26,11
R26,terminal,B20,11
terminal,B20,R27,12
R27,terminal,B20,12
terminal,B20,R28,11
R28,terminal,B20,11
terminal,B20,R29,10
R29,terminal,B20,10
terminal,B20,R30,9
R30,terminal,B20,9
terminal,B20,R31,9
R31,terminal,B20,9
terminal,B20,R32,7
R32,terminal,B20,7
terminal,B20,R33,11
R33,terminal,B20,11
terminal,B20,R34,11
R34,terminal,B20,11
terminal,B20,R35,11
R35,terminal,B20,11
terminal,B20,R36,7
R36,terminal,B20,7
terminal,B20,R37,11
R37,terminal,B20,11
terminal,B21,R1,10
R1,terminal,B21,10
terminal,B21,R2,10
R2,terminal,B21,10
terminal,B21,R3,8
R3,terminal,B21,8
terminal,B21,R4,12
R4,terminal,B21,12
terminal,B21,R5,8
R5,terminal,B21,8
terminal,B21,R6,10
R6,terminal,B21,10
terminal,B21,R7,9
R7,terminal,B21,9
terminal,B21,R8,11
R8,terminal,B21,11
terminal,B21,R9,11
R9,terminal,B21,11
terminal,B21,R10,10
R10,terminal,B21,10
terminal,B21,R11,11
R11,terminal,B21,11
terminal,B21,R12,5
R12,terminal,B21,5
terminal,B21,R13,11
R13,terminal,B21,11
terminal,B21,R14,7
R14,terminal,B21,7
terminal,B21,R15,8
R15,terminal,B21,8
terminal,B21,R16,11
R16,terminal,B21,11
terminal,B21,R17,11
R17,terminal,B21,11
terminal,B21,R18,14
R18,terminal,B21,14
terminal,B21,R19,10
R19,terminal,B21,10
terminal,B21,R20,7
R20,terminal,B21,7
terminal,B21,R21,8
R21,terminal,B21,8
terminal,B21,R22,9
R22,terminal,B21,9
terminal,B21,R23,10
R23,terminal,B21,10
terminal,B21,R24,11
R24,terminal,B21,11
terminal,B21,R25,13
R25,terminal,B21,13
terminal,B21,R26,11
R26,terminal,B21,11
terminal,B21,R27,10
R27,terminal,B21,10
terminal,B21,R28,7
R28,terminal,B21,7
terminal,B21,R29,9
R29,terminal,B21,9
terminal,B21,R30,8
R30,terminal,B21,8
terminal,B21,R31,7
R31,terminal,B21,7
terminal,B21,R32,9
R32,terminal,B21,9
terminal,B21,R33,9
R33,terminal,B21,9
terminal,B21,R34,10
R34,terminal,B21,10
terminal,B21,R35,12
R35,terminal,B21,12
terminal,B21,R36,12
R36,terminal,B21,12
terminal,B21,R37,11
R37,terminal,B21,11
terminal,B22,R1,11
R1,terminal,B22,11
terminal,B22,R2,13
R2,terminal,B22,13
terminal,B22,R3,10
R3,terminal,B22,10
terminal,B22,R4,10
R4,terminal,B22,10
terminal,B22,R5,8
R5,terminal,B22,8
terminal,B22,R6,11
R6,terminal,B22,11
terminal,B22,R7,11
R7,terminal,B22,11
terminal,B22,R8,11
R8,terminal,B22,11
terminal,B22,R9,12
R9,terminal,B22,12
terminal,B22,R10,9
R10,terminal,B22,9
terminal,B22,R11,9
R11,terminal,B22,9
terminal,B22,R12,5
R12,terminal,B22,5
terminal,B22,R13,9
R13,terminal,B22,9
terminal,B22,R14,11
R14,terminal,B22,11
terminal,B22,R15,9
R15,terminal,B22,9
terminal,B22,R16,6
R16,terminal,B22,6
terminal,B22,R17,7
R17,terminal,B22,7
terminal,B22,R18,10
R18,terminal,B22,10
terminal,B22,R19,9
R19,terminal,B22,9
terminal,B22,R20,7
R20,terminal,B22,7
terminal,B22,R21,10
R21,terminal,B22,10
terminal,B22,R22,12
R22,terminal,B22,12
terminal,B22,R23,8
R23,terminal,B22,8
terminal,B22,R24,7
R24,terminal,B22,7
terminal,B22,R25,10
R25,terminal,B22,10
terminal,B22,R26,10
R26,terminal,B22,10
terminal,B22,R27,9
R27,terminal,B22,9
terminal,B22,R28,14
R28,terminal,B22,14
terminal,B22,R29,8
R29,terminal,B22,8
terminal,B22,R30,6
R30,terminal,B22,6
terminal,B22,R31,10
R31,terminal,B22,10
terminal,B22,R32,9
R32,terminal,B22,9
terminal,B22,R33,9
R33,terminal,B22,9
terminal,B22,R34,12
R34,terminal,B22,12
terminal,B22,R35,11
R35,terminal,B22,11
terminal,B22,R36,9
R36,terminal,B22,9
terminal,B22,R37,11
R37,terminal,B22,11
terminal,B23,R1,11
R1,terminal,B23,11
terminal,B23,R2,12
R2,terminal,B23,12
terminal,B23,R3,8
R3,terminal,B23,8
terminal,B23,R4,12
R4,terminal,B23,12
terminal,B23,R5,9
R5,terminal,B23,9
terminal,B23,R6,7
R6,terminal,B23,7
terminal,B23,R7,8
R7,terminal,B23,8
terminal,B23,R8,8
R8,terminal,B23,8
terminal,B23,R9,6
R9,terminal,B23,6
terminal,B23,R10,9
R10,terminal,B23,9
terminal,B23,R11,10
R11,terminal,B23,10
terminal,B23,R12,9
R12,terminal,B23,9
terminal,B23,R13,6
R13,terminal,B23,6
terminal,B23,R14,8
R14,terminal,B23,8
terminal,B23,R15,10
R15,terminal,B23,10
terminal,B23,R16,12
R16,terminal,B23,12
terminal,B23,R17,10
R17,terminal,B23,10
terminal,B23,R18,9
R18,terminal,B23,9
terminal,B23,R19,11
R19,terminal,B23,11
terminal,B23,R20,9
R20,terminal,B23,9
terminal,B23,R21,10
R21,terminal,B23,10
terminal,B23,R22,8
R22,terminal,B23,8
terminal,B23,R23,11
R23,terminal,B23,11
terminal,B23,R24,7
R24,terminal,B23,7
terminal,B23,R25,9
R25,terminal,B23,9
terminal,B23,R26,11
R26,terminal,B23,11
terminal,B23,R27,10
R27,terminal,B23,10
terminal,B23,R28,13
R28,terminal,B23,13
terminal,B23,R29,8
R29,terminal,B23,8
terminal,B23,R30,12
R30,terminal,B23,12
terminal,B23,R31,8
R31,terminal,B23,8
terminal,B23,R32,7
R32,terminal,B23,7
terminal,B23,R33,11
R33,terminal,B23,11
terminal,B23,R34,10
R34,terminal,B23,10
terminal,B23,R35,9
R35,terminal,B23,9
terminal,B23,R36,8
R36,terminal,B23,8
terminal,B23,R37,8
R37,terminal,B23,8
terminal,B24,R1,8
R1,terminal,B24,8
terminal,B24,R2,10
R2,terminal,B24,10
terminal,B24,R3,6
R3,terminal,B24,6
terminal,B24,R4,10
R4,terminal,B24,10
terminal,B24,R5,9
R5,terminal,B24,9
terminal,B24,R6,11
R6,terminal,B24,11
terminal,B24,R7,11
R7,terminal,B24,11
terminal,B24,R8,9
R8,terminal,B24,9
terminal,B24,R9,9
R9,terminal,B24,9
terminal,B24,R10,11
R10,terminal,B24,11
terminal,B24,R11,8
R11,terminal,B24,8
terminal,B24,R12,7
R12,terminal,B24,7
terminal,B24,R13,7
R13,terminal,B24,7
terminal,B24,R14,10
R14,terminal,B24,10
terminal,B24,R15,14
R15,terminal,B24,14
terminal,B24,R16,9
R16,terminal,B24,9
terminal,B24,R17,10
R17,terminal,B24,10
terminal,B24,R18,10
R18,terminal,B24,10
terminal,B24,R19,7
R19,terminal,B24,7
terminal,B24,R20,13
R20,terminal,B24,13
terminal,B24,R21,8
R21,terminal,B24,8
terminal,B24,R22,8
R22,terminal,B24,8
terminal,B24,R23,6
R23,terminal,B24,6
terminal,B24,R24,11
R24,terminal,B24,11
terminal,B24,R25,12
R25,terminal,B24,12
terminal,B24,R26,5
R26,terminal,B24,5
terminal,B24,R27,11
R27,terminal,B24,11
terminal,B24,R28,13
R28,terminal,B24,13
terminal,B24,R29,9
R29,terminal,B24,9
terminal,B24,R30,6
R30,terminal,B24,6
terminal,B24,R31,12
R31,terminal,B24,12
terminal,B24,R32,11
R32,terminal,B24,11
terminal,B24,R33,9
R33,terminal,B24,9
terminal,B24,R34,4
R34,terminal,B24,4
terminal,B24,R35,9
R35,terminal,B24,9
terminal,B24,R36,10
R36,terminal,B24,10
terminal,B24,R37,7
R37,terminal,B24,7
terminal,B25,R1,9
R1,terminal,B25,9
terminal,B25,R2,11
R2,terminal,B25,11
terminal,B25,R3,11
R3,terminal,B25,11
terminal,B25,R4,10
R4,terminal,B25,10
terminal,B25,R5,12
R5,terminal,B25,12
terminal,B25,R6,10
R6,terminal,B25,10
terminal,B25,R7,11
R7,terminal,B25,11
terminal,B25,R8,10
R8,terminal,B25,10
terminal,B25,R9,6
R9,terminal,B25,6
terminal,B25,R10,12
R10,terminal,B25,12
terminal,B25,R11,6
R11,terminal,B25,6
terminal,B25,R12,6
R12,terminal,B25,6
terminal,B25,R13,13
R13,terminal,B25,13
terminal,B25,R14,11
R14,terminal,B25,11
terminal,B25,R15,9
R15,terminal,B25,9
terminal,B25,R16,10
R16,terminal,B25,10
terminal,B25,R17,9
R17,terminal,B25,9
terminal,B25,R18,14
R18,terminal,B25,14
terminal,B25,R19,6
R19,terminal,B25,6
terminal,B25,R20,8
R20,terminal,B25,8
terminal,B25,R21,11
R21,terminal,B25,11
terminal,B25,R22,9
R22,terminal,B25,9
terminal,B25,R23,14
R23,terminal,B25,14
terminal,B25,R24,11
R24,terminal,B25,11
terminal,B25,R25,11
R25,terminal,B25,11
terminal,B25,R26,11
R26,terminal,B25,11
terminal,B25,R27,6
R27,terminal,B25,6
terminal,B25,R28,13
R28,terminal,B25,13
terminal,B25,R29,9
R29,terminal,B25,9
terminal,B25,R30,10
R30,terminal,B25,10
terminal,B25,R31,8
R31,terminal,B25,8
terminal,B25,R32,14
R32,terminal,B25,14
terminal,B25,R33,7
R33,terminal,B25,7
terminal,B25,R34,8
R34,terminal,B25,8
terminal,B25,R35,8
R35,terminal,B25,8
terminal,B25,R36,5
R36,terminal,B25,5
terminal,B25,R37,7
R37,terminal,B25,7
terminal,B26,R1,9
R1,terminal,B26,9
terminal,B26,R2,9
R2,terminal,B26,9
terminal,B26,R3,10
R3,terminal,B26,10
terminal,B26,R4,10
R4,terminal,B26,10
terminal,B26,R5,12
R5,terminal,B26,12
terminal,B26,R6,7
R6,terminal,B26,7
terminal,B26,R7,8
R7,terminal,B26,8
terminal,B26,R8,12
R8,terminal,B26,12
terminal,B26,R9,13
R9,terminal,B26,13
terminal,B26,R10,8
R10,terminal,B26,8
terminal,B26,R11,8
R11,terminal,B26,8
terminal,B26,R12,11
R12,terminal,B26,11
terminal,B26,R13,8
R13,terminal,B26,8
terminal,B26,R14,11
R14,terminal,B26,11
terminal,B26,R15,8
R15,terminal,B26,8
terminal,B26,R16,8
R16,terminal,B26,8
terminal,B26,R17,11
R17,terminal,B26,11
terminal,B26,R18,10
R18,terminal,B26,10
terminal,B26,R19,13
R19,terminal,B26,13
terminal,B26,R20,10
R20,terminal,B26,10
terminal,B26,R21,9
R21,terminal,B26,9
terminal,B26,R22,9
R22,terminal,B26,9
terminal,B26,R23,12
R23,terminal,B26,12
terminal,B26,R24,8
R24,terminal,B26,8
terminal,B26,R25,11
R25,terminal,B26,11
terminal,B26,R26,9
R26,terminal,B26,9
terminal,B26,R27,10
R27,terminal,B26,10
terminal,B26,R28,10
R28,terminal,B26,10
terminal,B26,R29,10
R29,terminal,B26,10
terminal,B26,R30,11
R30,terminal,B26,11
terminal,B26,R31,11
R31,terminal,B26,11
terminal,B26,R32,8
R32,terminal,B26,8
terminal,B26,R33,6
R33,terminal,B26,6
terminal,B26,R34,10
R34,terminal,B26,10
terminal,B26,R35,8
R35,terminal,B26,8
terminal,B26,R36,11
R36,terminal,B26,11
terminal,B26,R37,13
R37,terminal,B26,13
terminal,B27,R1,9
R1,terminal,B27,9
terminal,B27,R2,8
R2,terminal,B27,8
terminal,B27,R3,13
R3,terminal,B27,13
terminal,B27,R4,6
R4,terminal,B27,6
terminal,B27,R5,10
R5,terminal,B27,10
terminal,B27,R6,11
R6,terminal,B27,11
terminal,B27,R7,6
R7,terminal,B27,6
terminal,B27,R8,10
R8,terminal,B27,10
terminal,B27,R9,11
R9,terminal,B27,11
terminal,B27,R10,6
R10,terminal,B27,6
terminal,B27,R11,13
R11,terminal,B27,13
terminal,B27,R12,8
R12,terminal,B27,8
terminal,B27,R13,8
R13,terminal,B27,8
terminal,B27,R14,7
R14,terminal,B27,7
terminal,B27,R15,13
R15,terminal,B27,13
terminal,B27,R16,10
R16,terminal,B27,10
terminal,B27,R17,8
R17,terminal,B27,8
terminal,B27,R18,7
R18,terminal,B27,7
terminal,B27,R19,7
R19,terminal,B27,7
terminal,B27,R20,10
R20,terminal,B27,10
terminal,B27,R21,11
R21,terminal,B27,11
terminal,B27,R22,6
R22,terminal,B27,6
terminal,B27,R23,10
R23,terminal,B27,10
terminal,B27,R24,6
R24,terminal,B27,6
terminal,B27,R25,13
R25,terminal,B27,13
terminal,B27,R26,11
R26,terminal,B27,11
terminal,B27,R27,10
R27,terminal,B27,10
terminal,B27,R28,8
R28,terminal,B27,8
terminal,B27,R29,10
R29,terminal,B27,10
terminal,B27,R30,8
R30,terminal,B27,8
terminal,B27,R31,9
R31,terminal,B27,9
terminal,B27,R32,10
R32,terminal,B27,10
terminal,B27,R33,8
R33,terminal,B27,8
terminal,B27,R34,8
R34,terminal,B27,8
terminal,B27,R35,11
R35,terminal,B27,11
terminal,B27,R36,11
R36,terminal,B27,11
terminal,B27,R37,8
R37,terminal,B27,8
terminal,B28,R1,8
R1,terminal,B28,8
terminal,B28,R2,13
R2,terminal,B28,13
terminal,B28,R3,7
R3,terminal,B28,7
terminal,B28,R4,13
R4,terminal,B28,13
terminal,B28,R5,12
R5,terminal,B28,12
terminal,B28,R6,12
R6,terminal,B28,12
terminal,B28,R7,10
R7,terminal,B28,10
terminal,B28,R8,10
R8,terminal,B28,10
terminal,B28,R9,12
R9,terminal,B28,12
terminal,B28,R10,6
R10,terminal,B28,6
terminal,B28,R11,10
R11,terminal,B28,10
terminal,B28,R12,7
R12,terminal,B28,7
terminal,B28,R13,10
R13,terminal,B28,10
terminal,B28,R14,11
R14,terminal,B28,11
terminal,B28,R15,12
R15,terminal,B28,12
terminal,B28,R16,8
R16,terminal,B28,8
terminal,B28,R17,10
R17,terminal,B28,10
terminal,B28,R18,8
R18,terminal,B28,8
terminal,B28,R19,5
R19,terminal,B28,5
terminal,B28,R20,12
R20,terminal,B28,12
terminal,B28,R21,10
R21,terminal,B28,10
terminal,B28,R22,6
R22,terminal,B28,6
terminal,B28,R23,13
R23,terminal,B28,13
terminal,B28,R24,11
R24,terminal,B28,11
terminal,B28,R25,2
R25,terminal,B28,2
terminal,B28,R26,12
R26,terminal,B28,12
terminal,B28,R27,10
R27,terminal,B28,10
terminal,B28,R28,10
R28,terminal,B28,10
terminal,B28,R29,7
R29,terminal,B28,7
terminal,B28,R30,9
R30,terminal,B28,9
terminal,B28,R31,10
R31,terminal,B28,10
terminal,B28,R32,11
R32,terminal,B28,11
terminal,B28,R33,10
R33,terminal,B28,10
terminal,B28,R34,10
R34,terminal,B28,10
terminal,B28,R35,9
R35,terminal,B28,9
terminal,B28,R36,11
R36,terminal,B28,11
terminal,B28,R37,9
R37,terminal,B28,9
terminal,B29,R1,8
R1,terminal,B29,8
terminal,B29,R2,7
R2,terminal,B29,7
terminal,B29,R3,11
R3,terminal,B29,11
terminal,B29,R4,12
R4,terminal,B29,12
terminal,B29,R5,10
R5,terminal,B29,10
terminal,B29,R6,10
R6,terminal,B29,10
terminal,B29,R7,9
R7,terminal,B29,9
terminal,B29,R8,8
R8,terminal,B29,8
terminal,B29,R9,9
R9,terminal,B29,9
terminal,B29,R10,9
R10,terminal,B29,9
terminal,B29,R11,10
R11,terminal,B29,10
terminal,B29,R12,9
R12,terminal,B29,9
terminal,B29,R13,10
R13,terminal,B29,10
terminal,B29,R14,7
R14,terminal,B29,7
terminal,B29,R15,12
R15,terminal,B29,12
terminal,B29,R16,7
R16,terminal,B29,7
terminal,B29,R17,7
R17,terminal,B29,7
terminal,B29,R18,10
R18,terminal,B29,10
terminal,B29,R19,11
R19,terminal,B29,11
terminal,B29,R20,9
R20,terminal,B29,9
terminal,B29,R21,13
R21,terminal,B29,13
terminal,B29,R22,10
R22,terminal,B29,10
terminal,B29,R23,12
R23,terminal,B29,12
terminal,B29,R24,11
R24,terminal,B29,11
terminal,B29,R25,11
R25,terminal,B29,11
terminal,B29,R26,8
R26,terminal,B29,8
terminal,B29,R27,11
R27,terminal,B29,11
terminal,B29,R28,10
R28,terminal,B29,10
terminal,B29,R29,9
R29,terminal,B29,9
terminal,B29,R30,12
R30,terminal,B29,12
terminal,B29,R31,9
R31,terminal,B29,9
terminal,B29,R32,13
R32,terminal,B29,13
terminal,B29,R33,9
R33,terminal,B29,9
terminal,B29,R34,7
R34,terminal,B29,7
terminal,B29,R35,9
R35,terminal,B29,9
terminal,B29,R36,9
R36,terminal,B29,9
terminal,B29,R37,9
R37,terminal,B29,9
terminal,B30,R1,10
R1,terminal,B30,10
terminal,B30,R2,9
R2,terminal,B30,9
terminal,B30,R3,9
R3,terminal,B30,9
terminal,B30,R4,7
R4,terminal,B30,7
terminal,B30,R5,10
R5,terminal,B30,10
terminal,B30,R6,6
R6,terminal,B30,6
terminal,B30,R7,7
R7,terminal,B30,7
terminal,B30,R8,11
R8,terminal,B30,11
terminal,B30,R9,7
R9,terminal,B30,7
terminal,B30,R10,13
R10,terminal,B30,13
terminal,B30,R11,12
R11,terminal,B30,12
terminal,B30,R12,11
R12,terminal,B30,11
terminal,B30,R13,7
R13,terminal,B30,7
terminal,B30,R14,4
R14,terminal,B30,4
terminal,B30,R15,11
R15,terminal,B30,11
terminal,B30,R16,10
R16,terminal,B30,10
terminal,B30,R17,8
R17,terminal,B30,8
terminal,B30,R18,10
R18,terminal,B30,10
terminal,B30,R19,11
R19,terminal,B30,11
terminal,B30,R20,10
R20,terminal,B30,10
terminal,B30,R21,10
R21,terminal,B30,10
terminal,B30,R22,10
R22,terminal,B30,10
terminal,B30,R23,8
R23,terminal,B30,8
terminal,B30,R24,8
R24,terminal,B30,8
terminal,B30,R25,12
R25,terminal,B30,12
terminal,B30,R26,9
R26,terminal,B30,9
terminal,B30,R27,7
R27,terminal,B30,7
terminal,B30,R28,11
R28,terminal,B30,11
terminal,B30,R29,13
R29,terminal,B30,13
terminal,B30,R30,10
R30,terminal,B30,10
terminal,B30,R31,10
R31,terminal,B30,10
terminal,B30,R32,10
R32,terminal,B30,10
terminal,B30,R33,11
R33,terminal,B30,11
terminal,B30,R34,9
R34,terminal,B30,9
terminal,B30,R35,11
R35,terminal,B30,11
terminal,B30,R36,12
R36,terminal,B30,12
terminal,B30,R37,11
R37,terminal,B30,11
terminal,B31,R1,12
R1,terminal,B31,12
terminal,B31,R2,7
R2,terminal,B31,7
terminal,B31,R3,8
R3,terminal,B31,8
terminal,B31,R4,10
R4,terminal,B31,10
terminal,B31,R5,10
R5,terminal,B31,10
terminal,B31,R6,11
R6,terminal,B31,11
terminal,B31,R7,11
R7,terminal,B31,11
terminal,B31,R8,8
R8,terminal,B31,8
terminal,B31,R9,11
R9,terminal,B31,11
terminal,B31,R10,11
R10,terminal,B31,11
terminal,B31,R11,8
R11,terminal,B31,8
terminal,B31,R12,6
R12,terminal,B31,6
terminal,B31,R13,7
R13,terminal,B31,7
terminal,B31,R14,7
R14,terminal,B31,7
terminal,B31,R15,10
R15,terminal,B31,10
terminal,B31,R16,13
R16,terminal,B31,13
terminal,B31,R17,8
R17,terminal,B31,8
terminal,B31,R18,7
R18,terminal,B31,7
terminal,B31,R19,13
R19,terminal,B31,13
terminal,B31,R20,10
R20,terminal,B31,10
terminal,B31,R21,8
R21,terminal,B31,8
terminal,B31,R22,7
R22,terminal,B31,7
terminal,B31,R23,8
R23,terminal,B31,8
terminal,B31,R24,10
R24,terminal,B31,10
terminal,B31,R25,7
R25,terminal,B31,7
terminal,B31,R26,11
R26,terminal,B31,11
terminal,B31,R27,8
R27,terminal,B31,8
terminal,B31,R28,10
R28,terminal,B31,10
terminal,B31,R29,11
R29,terminal,B31,11
terminal,B31,R30,11
R30,terminal,B31,11
terminal,B31,R31,12
R31,terminal,B31,12
terminal,B31,R32,8
R32,terminal,B31,8
terminal,B31,R33,7
R33,terminal,B31,7
terminal,B31,R34,7
R34,terminal,B31,7
terminal,B31,R35,9
R35,terminal,B31,9
terminal,B31,R36,9
R36,terminal,B31,9
terminal,B31,R37,10
R37,terminal,B31,10
terminal,B32,R1,9
R1,terminal,B32,9
terminal,B32,R2,8
R2,terminal,B32,8
terminal,B32,R3,10
R3,terminal,B32,10
terminal,B32,R4,7
R4,terminal,B32,7
terminal,B32,R5,11
R5,terminal,B32,11
terminal,B32,R6,10
R6,terminal,B32,10
terminal,B32,R7,7
R7,terminal,B32,7
terminal,B32,R8,12
R8,terminal,B32,12
terminal,B32,R9,9
R9,terminal,B32,9
terminal,B32,R10,12
R10,terminal,B32,12
terminal,B32,R11,5
R11,terminal,B32,5
terminal,B32,R12,15
R12,terminal,B32,15
terminal,B32,R13,14
R13,terminal,B32,14
terminal,B32,R14,9
R14,terminal,B32,9
terminal,B32,R15,7
R15,terminal,B32,7
terminal,B32,R16,10
R16,terminal,B32,10
terminal,B32,R17,10
R17,terminal,B32,10
terminal,B32,R18,11
R18,terminal,B32,11
terminal,B32,R19,12
R19,terminal,B32,12
terminal,B32,R20,10
R20,terminal,B32,10
terminal,B32,R21,10
R21,terminal,B32,10
terminal,B32,R22,10
R22,terminal,B32,10
terminal,B32,R23,9
R23,terminal,B32,9
terminal,B32,R24,11
R24,terminal,B32,11
terminal,B32,R25,15
R25,terminal,B32,15
terminal,B32,R26,10
R26,terminal,B32,10
terminal,B32,R27,13
R27,terminal,B32,13
terminal,B32,R28,8
R28,terminal,B32,8
terminal,B32,R29,7
R29,terminal,B32,7
terminal,B32,R30,9
R30,terminal,B32,9
terminal,B32,R31,7
R31,terminal,B32,7
terminal,B32,R32,11
R32,terminal,B32,11
terminal,B32,R33,10
R33,terminal,B32,10
terminal,B32,R34,10
R34,terminal,B32,10
terminal,B32,R35,7
R35,terminal,B32,7
terminal,B32,R36,9
R36,terminal,B32,9
terminal,B32,R37,7
R37,terminal,B32,7
terminal,B33,R1,11
R1,terminal,B33,11
terminal,B33,R2,10
R2,terminal,B33,10
terminal,B33,R3,11
R3,terminal,B33,11
terminal,B33,R4,10
R4,terminal,B33,10
terminal,B33,R5,12
R5,terminal,B33,12
terminal,B33,R6,7
R6,terminal,B33,7
terminal,B33,R7,4
R7,terminal,B33,4
terminal,B33,R8,10
R8,terminal,B33,10
terminal,B33,R9,9
R9,terminal,B33,9
terminal,B33,R10,8
R10,terminal,B33,8
terminal,B33,R11,11
R11,terminal,B33,11
terminal,B33,R12,8
R12,terminal,B33,8
terminal,B33,R13,6
R13,terminal,B33,6
terminal,B33,R14,9
R14,terminal,B33,9
terminal,B33,R15,11
R15,terminal,B33,11
terminal,B33,R16,10
R16,terminal,B33,10
terminal,B33,R17,9
R17,terminal,B33,9
terminal,B33,R18,7
R18,terminal,B33,7
terminal,B33,R19,11
R19,terminal,B33,11
terminal,B33,R20,9
R20,terminal,B33,9
terminal,B33,R21,6
R21,terminal,B33,6
terminal,B33,R22,8
R22,terminal,B33,8
terminal,B33,R23,5
R23,terminal,B33,5
terminal,B33,R24,7
R24,terminal,B33,7
terminal,B33,R25,9
R25,terminal,B33,9
terminal,B33,R26,10
R26,terminal,B33,10
terminal,B33,R27,5
R27,terminal,B33,5
terminal,B33,R28,8
R28,terminal,B33,8
terminal,B33,R29,8
R29,terminal,B33,8
terminal,B33,R30,10
R30,terminal,B33,10
terminal,B33,R31,5
R31,terminal,B33,5
terminal,B33,R32,12
R32,terminal,B33,12
terminal,B33,R33,8
R33,terminal,B33,8
terminal,B33,R34,9
R34,terminal,B33,9
terminal,B33,R35,9
R35,terminal,B33,9
terminal,B33,R36,7
R36,terminal,B33,7
terminal,B33,R37,7
R37,terminal,B33,7
terminal,B34,R1,9
R1,terminal,B34,9
terminal,B34,R2,12
R2,terminal,B34,12
terminal,B34,R3,9
R3,terminal,B34,9
terminal,B34,R4,10
R4,terminal,B34,10
terminal,B34,R5,9
R5,terminal,B34,9
terminal,B34,R6,6
R6,terminal,B34,6
terminal,B34,R7,13
R7,terminal,B34,13
terminal,B34,R8,10
R8,terminal,B34,10
terminal,B34,R9,7
R9,terminal,B34,7
terminal,B34,R10,10
R10,terminal,B34,10
terminal,B34,R11,10
R11,terminal,B34,10
terminal,B34,R12,11
R12,terminal,B34,11
terminal,B34,R13,7
R13,terminal,B34,7
terminal,B34,R14,12
R14,terminal,B34,12
terminal,B34,R15,9
R15,terminal,B34,9
terminal,B34,R16,12
R16,terminal,B34,12
terminal,B34,R17,10
R17,terminal,B34,10
terminal,B34,R18,8
R18,terminal,B34,8
terminal,B34,R19,13
R19,terminal,B34,13
terminal,B34,R20,7
R20,terminal,B34,7
terminal,B34,R21,10
R21,terminal,B34,10
terminal,B34,R22,12
R22,terminal,B34,12
terminal,B34,R23,9
R23,terminal,B34,9
terminal,B34,R24,10
R24,terminal,B34,10
terminal,B34,R25,11
R25,terminal,B34,11
terminal,B34,R26,8
R26,terminal,B34,8
terminal,B34,R27,10
R27,terminal,B34,10
terminal,B34,R28,11
R28,terminal,B34,11
terminal,B34,R29,9
R29,terminal,B34,9
terminal,B34,R30,11
R30,terminal,B34,11
terminal,B34,R31,9
R31,terminal,B34,9
terminal,B34,R32,9
R32,terminal,B34,9
terminal,B34,R33,12
R33,terminal,B34,12
terminal,B34,R34,9
R34,terminal,B34,9
terminal,B34,R35,8
R35,terminal,B34,8
terminal,B34,R36,12
R36,terminal,B34,12
terminal,B34,R37,9
R37,terminal,B34,9
terminal,B35,R1,9
R1,terminal,B35,9
terminal,B35,R2,6
R2,terminal,B35,6
terminal,B35,R3,9
R3,terminal,B35,9
terminal,B35,R4,6
R4,terminal,B35,6
terminal,B35,R5,7
R5,terminal,B35,7
terminal,B35,R6,13
R6,terminal,B35,13
terminal,B35,R7,9
R7,terminal,B35,9
terminal,B35,R8,10
R8,terminal,B35,10
terminal,B35,R9,9
R9,terminal,B35,9
terminal,B35,R10,9
R10,terminal,B35,9
terminal,B35,R11,12
R11,terminal,B35,12
terminal,B35,R12,10
R12,terminal,B35,10
terminal,B35,R13,8
R13,terminal,B35,8
terminal,B35,R14,9
R14,terminal,B35,9
terminal,B35,R15,10
R15,terminal,B35,10
terminal,B35,R16,12
R16,terminal,B35,12
terminal,B35,R17,10
R17,terminal,B35,10
terminal,B35,R18,8
R18,terminal,B35,8
terminal,B35,R19,11
R19,terminal,B35,11
terminal,B35,R20,10
R20,terminal,B35,10
terminal,B35,R21,6
R21,terminal,B35,6
terminal,B35,R22,9
R22,terminal,B35,9
terminal,B35,R23,3
R23,terminal,B35,3
terminal,B35,R24,9
R24,terminal,B35,9
terminal,B35,R25,8
R25,terminal,B35,8
terminal,B35,R26,8
R26,terminal,B35,8
terminal,B35,R27,8
R27,terminal,B35,8
terminal,B35,R28,9
R28,terminal,B35,9
terminal,B35,R29,12
R29,terminal,B35,12
terminal,B35,R30,6
R30,terminal,B35,6
terminal,B35,R31,8
R31,terminal,B35,8
terminal,B35,R32,10
R32,terminal,B35,10
terminal,B35,R33,8
R33,terminal,B35,8
terminal,B35,R34,11
R34,terminal,B35,11
terminal,B35,R35,9
R35,terminal,B35,9
terminal,B35,R36,9
R36,terminal,B35,9
terminal,B35,R37,9
R37,terminal,B35,9
terminal,B36,R1,7
R1,terminal,B36,7
terminal,B36,R2,10
R2,terminal,B36,10
terminal,B36,R3,9
R3,terminal,B36,9
terminal,B36,R4,12
R4,terminal,B36,12
terminal,B36,R5,12
R5,terminal,B36,12
terminal,B36,R6,10
R6,terminal,B36,10
terminal,B36,R7,4
R7,terminal,B36,4
terminal,B36,R8,8
R8,terminal,B36,8
terminal,B36,R9,12
R9,terminal,B36,12
terminal,B36,R10,9
R10,terminal,B36,9
terminal,B36,R11,9
R11,terminal,B36,9
terminal,B36,R12,11
R12,terminal,B36,11
terminal,B36,R13,10
R13,terminal,B36,10
terminal,B36,R14,8
R14,terminal,B36,8
terminal,B36,R15,8
R15,terminal,B36,8
terminal,B36,R16,10
R16,terminal,B36,10
terminal,B36,R17,10
R17,terminal,B36,10
terminal,B36,R18,9
R18,terminal,B36,9
terminal,B36,R19,5
R19,terminal,B36,5
terminal,B36,R20,10
R20,terminal,B36,10
terminal,B36,R21,11
R21,terminal,B36,11
terminal,B36,R22,7
R22,terminal,B36,7
terminal,B36,R23,7
R23,terminal,B36,7
terminal,B36,R24,9
R24,terminal,B36,9
terminal,B36,R25,11
R25,terminal,B36,11
terminal,B36,R26,12
R26,terminal,B36,12
terminal,B36,R27,8
R27,terminal,B36,8
terminal,B36,R28,9
R28,terminal,B36,9
terminal,B36,R29,7
R29,terminal,B36,7
terminal,B36,R30,11
R30,terminal,B36,11
terminal,B36,R31,11
R31,terminal,B36,11
terminal,B36,R32,10
R32,terminal,B36,10
terminal,B36,R33,10
R33,terminal,B36,10
terminal,B36,R34,7
R34,terminal,B36,7
terminal,B36,R35,14
R35,terminal,B36,14
terminal,B36,R36,9
R36,terminal,B36,9
terminal,B36,R37,9
R37,terminal,B36,9
terminal,B37,R1,10
R1,terminal,B37,10
terminal,B37,R2,6
R2,terminal,B37,6
terminal,B37,R3,10
R3,terminal,B37,10
terminal,B37,R4,7
R4,terminal,B37,7
terminal,B37,R5,9
R5,terminal,B37,9
terminal,B37,R6,10
R6,terminal,B37,10
terminal,B37,R7,15
R7,terminal,B37,15
terminal,B37,R8,7
R8,terminal,B37,7
terminal,B37,R9,10
R9,terminal,B37,10
terminal,B37,R10,8
R10,terminal,B37,8
terminal,B37,R11,11
R11,terminal,B37,11
terminal,B37,R12,12
R12,terminal,B37,12
terminal,B37,R13,9
R13,terminal,B37,9
terminal,B37,R14,12
R14,terminal,B37,12
terminal,B37,R15,9
R15,terminal,B37,9
terminal,B37,R16,9
R16,terminal,B37,9
terminal,B37,R17,9
R17,terminal,B37,9
terminal,B37,R18,6
R18,terminal,B37,6
terminal,B37,R19,6
R19,terminal,B37,6
terminal,B37,R20,10
R20,terminal,B37,10
terminal,B37,R21,6
R21,terminal,B37,6
terminal,B37,R22,9
R22,terminal,B37,9
terminal,B37,R23,7
R23,terminal,B37,7
terminal,B37,R24,10
R24,terminal,B37,10
terminal,B37,R25,9
R25,terminal,B37,9
terminal,B37,R26,8
R26,terminal,B37,8
terminal,B37,R27,10
R27,terminal,B37,10
terminal,B37,R28,8
R28,terminal,B37,8
terminal,B37,R29,12
R29,terminal,B37,12
terminal,B37,R30,9
R30,terminal,B37,9
terminal,B37,R31,6
R31,terminal,B37,6
terminal,B37,R32,8
R32,terminal,B37,8
terminal,B37,R33,10
R33,terminal,B37,10
terminal,B37,R34,7
R34,terminal,B37,7
terminal,B37,R35,12
R35,terminal,B37,12
terminal,B37,R36,14
R36,terminal,B37,14
terminal,B37,R37,14
R37,terminal,B37,14
terminal,B38,R1,12
R1,terminal,B38,12
terminal,B38,R2,7
R2,terminal,B38,7
terminal,B38,R3,7
R3,terminal,B38,7
terminal,B38,R4,11
R4,terminal,B38,11
terminal,B38,R5,9
R5,terminal,B38,9
terminal,B38,R6,8
R6,terminal,B38,8
terminal,B38,R7,10
R7,terminal,B38,10
terminal,B38,R8,10
R8,terminal,B38,10
terminal,B38,R9,11
R9,terminal,B38,11
terminal,B38,R10,11
R10,terminal,B38,11
terminal,B38,R11,12
R11,terminal,B38,12
terminal,B38,R12,10
R12,terminal,B38,10
terminal,B38,R13,9
R13,terminal,B38,9
terminal,B38,R14,11
R14,terminal,B38,11
terminal,B38,R15,9
R15,terminal,B38,9
terminal,B38,R16,11
R16,terminal,B38,11
terminal,B38,R17,7
R17,terminal,B38,7
terminal,B38,R18,11
R18,terminal,B38,11
terminal,B38,R19,9
R19,terminal,B38,9
terminal,B38,R20,12
R20,terminal,B38,12
terminal,B38,R21,9
R21,terminal,B38,9
terminal,B38,R22,9
R22,terminal,B38,9
terminal,B38,R23,8
R23,terminal,B38,8
terminal,B38,R24,10
R24,terminal,B38,10
terminal,B38,R25,9
R25,terminal,B38,9
terminal,B38,R26,6
R26,terminal,B38,6
terminal,B38,R27,12
R27,terminal,B38,12
terminal,B38,R28,11
R28,terminal,B38,11
terminal,B38,R29,7
R29,terminal,B38,7
terminal,B38,R30,9
R30,terminal,B38,9
terminal,B38,R31,9
R31,terminal,B38,9
terminal,B38,R32,9
R32,terminal,B38,9
terminal,B38,R33,9
R33,terminal,B38,9
terminal,B38,R34,12
R34,terminal,B38,12
terminal,B38,R35,7
R35,terminal,B38,7
terminal,B38,R36,8
R36,terminal,B38,8
terminal,B38,R37,10
R37,terminal,B38,10
terminal,B39,R1,10
R1,terminal,B39,10
terminal,B39,R2,8
R2,terminal,B39,8
terminal,B39,R3,9
R3,terminal,B39,9
terminal,B39,R4,6
R4,terminal,B39,6
terminal,B39,R5,12
R5,terminal,B39,12
terminal,B39,R6,11
R6,terminal,B39,11
terminal,B39,R7,10
R7,terminal,B39,10
terminal,B39,R8,9
R8,terminal,B39,9
terminal,B39,R9,12
R9,terminal,B39,12
terminal,B39,R10,11
R10,terminal,B39,11
terminal,B39,R11,7
R11,terminal,B39,7
terminal,B39,R12,10
R12,terminal,B39,10
terminal,B39,R13,5
R13,terminal,B39,5
terminal,B39,R14,9
R14,terminal,B39,9
terminal,B39,R15,10
R15,terminal,B39,10
terminal,B39,R16,14
R16,terminal,B39,14
terminal,B39,R17,10
R17,terminal,B39,10
terminal,B39,R18,10
R18,terminal,B39,10
terminal,B39,R19,8
R19,terminal,B39,8
terminal,B39,R20,11
R20,terminal,B39,11
terminal,B39,R21,8
R21,terminal,B39,8
terminal,B39,R22,9
R22,terminal,B39,9
terminal,B39,R23,10
R23,terminal,B39,10
terminal,B39,R24,10
R24,terminal,B39,10
terminal,B39,R25,14
R25,terminal,B39,14
terminal,B39,R26,7
R26,terminal,B39,7
terminal,B39,R27,8
R27,terminal,B39,8
terminal,B39,R28,13
R28,terminal,B39,13
terminal,B39,R29,9
R29,terminal,B39,9
terminal,B39,R30,11
R30,terminal,B39,11
terminal,B39,R31,9
R31,terminal,B39,9
terminal,B39,R32,9
R32,terminal,B39,9
terminal,B39,R33,10
R33,terminal,B39,10
terminal,B39,R34,11
R34,terminal,B39,11
terminal,B39,R35,8
R35,terminal,B39,8
terminal,B39,R36,11
R36,terminal,B39,11
terminal,B39,R37,5
R37,terminal,B39,5
terminal,B40,R1,12
R1,terminal,B40,12
terminal,B40,R2,9
R2,terminal,B40,9
terminal,B40,R3,12
R3,terminal,B40,12
terminal,B40,R4,9
R4,terminal,B40,9
terminal,B40,R5,11
R5,terminal,B40,11
terminal,B40,R6,8
R6,terminal,B40,8
terminal,B40,R7,11
R7,terminal,B40,11
terminal,B40,R8,10
R8,terminal,B40,10
terminal,B40,R9,13
R9,terminal,B40,13
terminal,B40,R10,9
R10,terminal,B40,9
terminal,B40,R11,2
R11,terminal,B40,2
terminal,B40,R12,13
R12,terminal,B40,13
terminal,B40,R13,9
R13,terminal,B40,9
terminal,B40,R14,6
R14,terminal,B40,6
terminal,B40,R15,9
R15,terminal,B40,9
terminal,B40,R16,7
R16,terminal,B40,7
terminal,B40,R17,11
R17,terminal,B40,11
terminal,B40,R18,8
R18,terminal,B40,8
terminal,B40,R19,8
R19,terminal,B40,8
terminal,B40,R20,8
R20,terminal,B40,8
terminal,B40,R21,12
R21,terminal,B40,12
terminal,B40,R22,9
R22,terminal,B40,9
terminal,B40,R23,10
R23,terminal,B40,10
terminal,B40,R24,8
R24,terminal,B40,8
terminal,B40,R25,13
R25,terminal,B40,13
terminal,B40,R26,9
R26,terminal,B40,9
terminal,B40,R27,8
R27,terminal,B40,8
terminal,B40,R28,7
R28,terminal,B40,7
terminal,B40,R29,10
R29,terminal,B40,10
terminal,B40,R30,10
R30,terminal,B40,10
terminal,B40,R31,8
R31,terminal,B40,8
terminal,B40,R32,9
R32,terminal,B40,9
terminal,B40,R33,9
R33,terminal,B40,9
terminal,B40,R34,13
R34,terminal,B40,13
terminal,B40,R35,11
R35,terminal,B40,11
terminal,B40,R36,12
R36,terminal,B40,12
terminal,B40,R37,10
R37,terminal,B40,10
