from,bus,to,miles
terminal,B1,R1,3.1
R1,terminal,B1,3.1
terminal,B1,R2,2.7
R2,terminal,B1,2.7
terminal,B1,R3,2.7
R3,terminal,B1,2.7
terminal,B1,R4,3.5
R4,terminal,B1,3.5
terminal,B1,R5,2.8
R5,terminal,B1,2.8
terminal,B1,R6,3.3
R6,terminal,B1,3.3
terminal,B1,R7,3.8
R7,terminal,B1,3.8
terminal,B1,R8,2.8
R8,terminal,B1,2.8
terminal,B1,R9,3.3
R9,terminal,B1,3.3
terminal,B1,R10,3.0
R10,terminal,B1,3.0
terminal,B1,R11,3.1
R11,terminal,B1,3.1
terminal,B1,R12,2.5
R12,terminal,B1,2.5
terminal,B1,R13,2.7
R13,terminal,B1,2.7
terminal,B1,R14,2.8
R14,terminal,B1,2.8
terminal,B1,R15,2.9
R15,terminal,B1,2.9
terminal,B1,R16,3.3
R16,terminal,B1,3.3
terminal,B1,R17,2.3
R17,terminal,B1,2.3
terminal,B1,R18,3.0
R18,terminal,B1,3.0
terminal,B1,R19,3.1
R19,terminal,B1,3.1
terminal,B1,R20,2.9
R20,terminal,B1,2.9
terminal,B1,R21,2.6
R21,terminal,B1,2.6
terminal,B1,R22,2.9
R22,terminal,B1,2.9
terminal,B1,R23,2.9
R23,terminal,B1,2.9
terminal,B1,R24,3.1
R24,terminal,B1,3.1
terminal,B1,R25,2.9
R25,terminal,B1,2.9
terminal,B1,R26,3.1
R26,terminal,B1,3.1
terminal,B1,R27,3.0
R27,terminal,B1,3.0
terminal,B1,R28,2.6
R28,terminal,B1,2.6
terminal,B1,R29,3.2
R29,terminal,B1,3.2
terminal,B1,R30,2.9
R30,terminal,B1,2.9
terminal,B1,R31,2.3
R31,terminal,B1,2.3
terminal,B1,R32,3.4
R32,terminal,B1,3.4
terminal,B1,R33,3.6
R33,terminal,B1,3.6
terminal,B1,R34,2.4
R34,terminal,B1,2.4
terminal,B1,R35,3.2
R35,terminal,B1,3.2
terminal,B1,R36,4.3
R36,terminal,B1,4.3
terminal,B1,R37,3.3
R37,terminal,B1,3.3
terminal,B2,R1,2.5
R1,terminal,B2,2.5
terminal,B2,R2,2.8
R2,terminal,B2,2.8
terminal,B2,R3,3.7
R3,terminal,B2,3.7
terminal,B2,R4,3.1
R4,terminal,B2,3.1
terminal,B2,R5,2.7
R5,terminal,B2,2.7
terminal,B2,R6,2.9
R6,terminal,B2,2.9
terminal,B2,R7,1.9
R7,terminal,B2,1.9
terminal,B2,R8,3.2
R8,terminal,B2,3.2
terminal,B2,R9,2.8
R9,terminal,B2,2.8
terminal,B2,R10,3.4
R10,terminal,B2,3.4
terminal,B2,R11,4.0
R11,terminal,B2,4.0
terminal,B2,R12,3.6
R12,terminal,B2,3.6
terminal,B2,R13,2.7
R13,terminal,B2,2.7
terminal,B2,R14,3.2
R14,terminal,B2,3.2
terminal,B2,R15,3.1
R15,terminal,B2,3.1
terminal,B2,R16,2.9
R16,terminal,B2,2.9
terminal,B2,R17,3.4
R17,terminal,B2,3.4
terminal,B2,R18,2.8
R18,terminal,B2,2.8
terminal,B2,R19,2.9
R19,terminal,B2,2.9
terminal,B2,R20,3.0
R20,terminal,B2,3.0
terminal,B2,R21,2.9
R21,terminal,B2,2.9
terminal,B2,R22,3.2
R22,terminal,B2,3.2
terminal,B2,R23,3.5
R23,terminal,B2,3.5
terminal,B2,R24,2.8
R24,terminal,B2,2.8
terminal,B2,R25,2.8
R25,terminal,B2,2.8
terminal,B2,R26,2.3
R26,terminal,B2,2.3
terminal,B2,R27,3.5
R27,terminal,B2,3.5
terminal,B2,R28,3.3
R28,terminal,B2,3.3
terminal,B2,R29,3.3
R29,terminal,B2,3.3
terminal,B2,R30,3.8
R30,terminal,B2,3.8
terminal,B2,R31,3.3
R31,terminal,B2,3.3
terminal,B2,R32,2.3
R32,terminal,B2,2.3
terminal,B2,R33,3.7
R33,terminal,B2,3.7
terminal,B2,R34,2.4
R34,terminal,B2,2.4
terminal,B2,R35,2.6
R35,terminal,B2,2.6
terminal,B2,R36,2.8
R36,terminal,B2,2.8
terminal,B2,R37,3.2
R37,terminal,B2,3.2
terminal,B3,R1,2.3
R1,terminal,B3,2.3
terminal,B3,R2,2.7
R2,terminal,B3,2.7
terminal,B3,R3,3.5
R3,terminal,B3,3.5
terminal,B3,R4,3.2
R4,terminal,B3,3.2
terminal,B3,R5,4.1
R5,terminal,B3,4.1
terminal,B3,R6,3.2
R6,terminal,B3,3.2
terminal,B3,R7,3.3
R7,terminal,B3,3.3
terminal,B3,R8,3.2
R8,terminal,B3,3.2
terminal,B3,R9,3.1
R9,terminal,B3,3.1
terminal,B3,R10,3.5
R10,terminal,B3,3.5
terminal,B3,R11,3.1
R11,terminal,B3,3.1
terminal,B3,R12,3.2
R12,terminal,B3,3.2
terminal,B3,R13,2.9
R13,terminal,B3,2.9
terminal,B3,R14,2.0
R14,terminal,B3,2.0
terminal,B3,R15,2.5
R15,terminal,B3,2.5
terminal,B3,R16,3.2
R16,terminal,B3,3.2
terminal,B3,R17,2.8
R17,terminal,B3,2.8
terminal,B3,R18,2.8
R18,terminal,B3,2.8
terminal,B3,R19,2.9
R19,terminal,B3,2.9
terminal,B3,R20,3.0
R20,terminal,B3,3.0
terminal,B3,R21,2.5
R21,terminal,B3,2.5
terminal,B3,R22,2.7
R22,terminal,B3,2.7
terminal,B3,R23,3.2
R23,terminal,B3,3.2
terminal,B3,R24,3.3
R24,terminal,B3,3.3
terminal,B3,R25,3.1
R25,terminal,B3,3.1
terminal,B3,R26,2.4
R26,terminal,B3,2.4
terminal,B3,R27,3.2
R27,terminal,B3,3.2
terminal,B3,R28,2.9
R28,terminal,B3,2.9
terminal,B3,R29,3.1
R29,terminal,B3,3.1
terminal,B3,R30,3.0
R30,terminal,B3,3.0
terminal,B3,R31,2.3
R31,terminal,B3,2.3
terminal,B3,R32,2.6
R32,terminal,B3,2.6
terminal,B3,R33,2.5
R33,terminal,B3,2.5
terminal,B3,R34,2.9
R34,terminal,B3,2.9
terminal,B3,R35,2.7
R35,terminal,B3,2.7
terminal,B3,R36,2.7
R36,terminal,B3,2.7
terminal,B3,R37,2.3
R37,terminal,B3,2.3
terminal,B4,R1,3.5
R1,terminal,B4,3.5
terminal,B4,R2,2.9
R2,terminal,B4,2.9
terminal,B4,R3,3.0
R3,terminal,B4,3.0
terminal,B4,R4,2.2
R4,terminal,B4,2.2
terminal,B4,R5,2.9
R5,terminal,B4,2.9
terminal,B4,R6,3.6
R6,terminal,B4,3.6
terminal,B4,R7,3.2
R7,terminal,B4,3.2
terminal,B4,R8,3.0
R8,terminal,B4,3.0
terminal,B4,R9,3.4
R9,terminal,B4,3.4
terminal,B4,R10,2.7
R10,terminal,B4,2.7
terminal,B4,R11,3.1
R11,terminal,B4,3.1
terminal,B4,R12,2.3
R12,terminal,B4,2.3
terminal,B4,R13,2.8
R13,terminal,B4,2.8
terminal,B4,R14,2.8
R14,terminal,B4,2.8
terminal,B4,R15,2.8
R15,terminal,B4,2.8
terminal,B4,R16,3.1
R16,terminal,B4,3.1
terminal,B4,R17,3.2
R17,terminal,B4,3.2
terminal,B4,R18,3.0
R18,terminal,B4,3.0
terminal,B4,R19,2.9
R19,terminal,B4,2.9
terminal,B4,R20,2.7
R20,terminal,B4,2.7
terminal,B4,R21,3.4
R21,terminal,B4,3.4
terminal,B4,R22,2.3
R22,terminal,B4,2.3
terminal,B4,R23,3.2
R23,terminal,B4,3.2
terminal,B4,R24,2.8
R24,terminal,B4,2.8
terminal,B4,R25,2.3
R25,terminal,B4,2.3
terminal,B4,R26,2.4
R26,terminal,B4,2.4
terminal,B4,R27,3.0
R27,terminal,B4,3.0
terminal,B4,R28,3.0
R28,terminal,B4,3.0
terminal,B4,R29,3.4
R29,terminal,B4,3.4
terminal,B4,R30,3.1
R30,terminal,B4,3.1
terminal,B4,R31,2.7
R31,terminal,B4,2.7
terminal,B4,R32,2.7
R32,terminal,B4,2.7
terminal,B4,R33,2.8
R33,terminal,B4,2.8
terminal,B4,R34,3.2
R34,terminal,B4,3.2
terminal,B4,R35,3.1
R35,terminal,B4,3.1
terminal,B4,R36,2.8
R36,terminal,B4,2.8
terminal,B4,R37,2.6
R37,terminal,B4,2.6
terminal,B5,R1,3.0
R1,terminal,B5,3.0
terminal,B5,R2,3.5
R2,terminal,B5,3.5
terminal,B5,R3,3.5
R3,terminal,B5,3.5
terminal,B5,R4,2.3
R4,terminal,B5,2.3
terminal,B5,R5,3.1
R5,terminal,B5,3.1
terminal,B5,R6,3.0
R6,terminal,B5,3.0
terminal,B5,R7,2.4
R7,terminal,B5,2.4
terminal,B5,R8,3.2
R8,terminal,B5,3.2
terminal,B5,R9,2.6
R9,terminal,B5,2.6
terminal,B5,R10,3.6
R10,terminal,B5,3.6
terminal,B5,R11,2.9
R11,terminal,B5,2.9
terminal,B5,R12,2.6
R12,terminal,B5,2.6
terminal,B5,R13,3.0
R13,terminal,B5,3.0
terminal,B5,R14,3.3
R14,terminal,B5,3.3
terminal,B5,R15,3.0
R15,terminal,B5,3.0
terminal,B5,R16,3.3
R16,terminal,B5,3.3
terminal,B5,R17,2.9
R17,terminal,B5,2.9
terminal,B5,R18,2.9
R18,terminal,B5,2.9
terminal,B5,R19,2.6
R19,terminal,B5,2.6
terminal,B5,R20,2.5
R20,terminal,B5,2.5
terminal,B5,R21,3.1
R21,terminal,B5,3.1
terminal,B5,R22,3.5
R22,terminal,B5,3.5
terminal,B5,R23,3.4
R23,terminal,B5,3.4
terminal,B5,R24,2.4
R24,terminal,B5,2.4
terminal,B5,R25,3.3
R25,terminal,B5,3.3
terminal,B5,R26,3.3
R26,terminal,B5,3.3
terminal,B5,R27,2.8
R27,terminal,B5,2.8
terminal,B5,R28,2.9
R28,terminal,B5,2.9
terminal,B5,R29,3.4
R29,terminal,B5,3.4
terminal,B5,R30,3.7
R30,terminal,B5,3.7
terminal,B5,R31,3.0
R31,terminal,B5,3.0
terminal,B5,R32,3.0
R32,terminal,B5,3.0
terminal,B5,R33,2.9
R33,terminal,B5,2.9
terminal,B5,R34,3.1
R34,terminal,B5,3.1
terminal,B5,R35,2.6
R35,terminal,B5,2.6
terminal,B5,R36,3.1
R36,terminal,B5,3.1
terminal,B5,R37,2.9
R37,terminal,B5,2.9
terminal,B6,R1,3.1
R1,terminal,B6,3.1
terminal,B6,R2,2.7
R2,terminal,B6,2.7
terminal,B6,R3,3.6
R3,terminal,B6,3.6
terminal,B6,R4,3.0
R4,terminal,B6,3.0
terminal,B6,R5,2.4
R5,terminal,B6,2.4
terminal,B6,R6,3.2
R6,terminal,B6,3.2
terminal,B6,R7,3.3
R7,terminal,B6,3.3
terminal,B6,R8,2.7
R8,terminal,B6,2.7
terminal,B6,R9,3.5
R9,terminal,B6,3.5
terminal,B6,R10,2.9
R10,terminal,B6,2.9
terminal,B6,R11,2.5
R11,terminal,B6,2.5
terminal,B6,R12,2.7
R12,terminal,B6,2.7
terminal,B6,R13,3.3
R13,terminal,B6,3.3
terminal,B6,R14,3.1
R14,terminal,B6,3.1
terminal,B6,R15,3.1
R15,terminal,B6,3.1
terminal,B6,R16,2.2
R16,terminal,B6,2.2
terminal,B6,R17,2.8
R17,terminal,B6,2.8
terminal,B6,R18,3.2
R18,terminal,B6,3.2
terminal,B6,R19,3.3
R19,terminal,B6,3.3
terminal,B6,R20,3.0
R20,terminal,B6,3.0
terminal,B6,R21,3.0
R21,terminal,B6,3.0
terminal,B6,R22,2.2
R22,terminal,B6,2.2
terminal,B6,R23,3.0
R23,terminal,B6,3.0
terminal,B6,R24,2.9
R24,terminal,B6,2.9
terminal,B6,R25,2.4
R25,terminal,B6,2.4
terminal,B6,R26,2.6
R26,terminal,B6,2.6
terminal,B6,R27,2.9
R27,terminal,B6,2.9
terminal,B6,R28,2.8
R28,terminal,B6,2.8
terminal,B6,R29,3.5
R29,terminal,B6,3.5
terminal,B6,R30,3.1
R30,terminal,B6,3.1
terminal,B6,R31,3.1
R31,terminal,B6,3.1
terminal,B6,R32,2.9
R32,terminal,B6,2.9
terminal,B6,R33,3.4
R33,terminal,B6,3.4
terminal,B6,R34,2.6
R34,terminal,B6,2.6
terminal,B6,R35,3.2
R35,terminal,B6,3.2
terminal,B6,R36,3.0
R36,terminal,B6,3.0
terminal,B6,R37,2.9
R37,terminal,B6,2.9
terminal,B7,R1,2.9
R1,terminal,B7,2.9
terminal,B7,R2,2.9
R2,terminal,B7,2.9
terminal,B7,R3,3.4
R3,terminal,B7,3.4
terminal,B7,R4,3.2
R4,terminal,B7,3.2
terminal,B7,R5,2.9
R5,terminal,B7,2.9
terminal,B7,R6,2.7
R6,terminal,B7,2.7
terminal,B7,R7,3.5
R7,terminal,B7,3.5
terminal,B7,R8,2.8
R8,terminal,B7,2.8
terminal,B7,R9,3.2
R9,terminal,B7,3.2
terminal,B7,R10,3.0
R10,terminal,B7,3.0
terminal,B7,R11,2.3
R11,terminal,B7,2.3
terminal,B7,R12,2.5
R12,terminal,B7,2.5
terminal,B7,R13,3.6
R13,terminal,B7,3.6
terminal,B7,R14,3.0
R14,terminal,B7,3.0
terminal,B7,R15,3.0
R15,terminal,B7,3.0
terminal,B7,R16,2.9
R16,terminal,B7,2.9
terminal,B7,R17,2.8
R17,terminal,B7,2.8
terminal,B7,R18,3.2
R18,terminal,B7,3.2
terminal,B7,R19,2.7
R19,terminal,B7,2.7
terminal,B7,R20,3.4
R20,terminal,B7,3.4
terminal,B7,R21,2.5
R21,terminal,B7,2.5
terminal,B7,R22,3.3
R22,terminal,B7,3.3
terminal,B7,R23,3.5
R23,terminal,B7,3.5
terminal,B7,R24,2.6
R24,terminal,B7,2.6
terminal,B7,R25,2.7
R25,terminal,B7,2.7
terminal,B7,R26,3.0
R26,terminal,B7,3.0
terminal,B7,R27,3.6
R27,terminal,B7,3.6
terminal,B7,R28,3.0
R28,terminal,B7,3.0
terminal,B7,R29,2.8
R29,terminal,B7,2.8
terminal,B7,R30,3.6
R30,terminal,B7,3.6
terminal,B7,R31,2.9
R31,terminal,B7,2.9
terminal,B7,R32,3.3
R32,terminal,B7,3.3
terminal,B7,R33,3.1
R33,terminal,B7,3.1
terminal,B7,R34,2.8
R34,terminal,B7,2.8
terminal,B7,R35,2.5
R35,terminal,B7,2.5
terminal,B7,R36,3.3
R36,terminal,B7,3.3
terminal,B7,R37,2.2
R37,terminal,B7,2.2
terminal,B8,R1,2.9
R1,terminal,B8,2.9
terminal,B8,R2,2.7
R2,terminal,B8,2.7
terminal,B8,R3,2.9
R3,terminal,B8,2.9
terminal,B8,R4,2.3
R4,terminal,B8,2.3
terminal,B8,R5,3.9
R5,terminal,B8,3.9
terminal,B8,R6,3.3
R6,terminal,B8,3.3
terminal,B8,R7,3.3
R7,terminal,B8,3.3
terminal,B8,R8,3.9
R8,terminal,B8,3.9
terminal,B8,R9,3.0
R9,terminal,B8,3.0
terminal,B8,R10,2.5
R10,terminal,B8,2.5
terminal,B8,R11,2.9
R11,terminal,B8,2.9
terminal,B8,R12,3.3
R12,terminal,B8,3.3
terminal,B8,R13,3.0
R13,terminal,B8,3.0
terminal,B8,R14,2.7
R14,terminal,B8,2.7
terminal,B8,R15,3.1
R15,terminal,B8,3.1
terminal,B8,R16,3.2
R16,terminal,B8,3.2
terminal,B8,R17,2.8
R17,terminal,B8,2.8
terminal,B8,R18,2.6
R18,terminal,B8,2.6
terminal,B8,R19,2.9
R19,terminal,B8,2.9
terminal,B8,R20,3.0
R20,terminal,B8,3.0
terminal,B8,R21,2.9
R21,terminal,B8,2.9
terminal,B8,R22,2.9
R22,terminal,B8,2.9
terminal,B8,R23,3.1
R23,terminal,B8,3.1
terminal,B8,R24,3.1
R24,terminal,B8,3.1
terminal,B8,R25,2.7
R25,terminal,B8,2.7
terminal,B8,R26,2.5
R26,terminal,B8,2.5
terminal,B8,R27,2.4
R27,terminal,B8,2.4
terminal,B8,R28,3.5
R28,terminal,B8,3.5
terminal,B8,R29,3.2
R29,terminal,B8,3.2
terminal,B8,R30,3.3
R30,terminal,B8,3.3
terminal,B8,R31,3.4
R31,terminal,B8,3.4
terminal,B8,R32,3.1
R32,terminal,B8,3.1
terminal,B8,R33,2.6
R33,terminal,B8,2.6
terminal,B8,R34,3.3
R34,terminal,B8,3.3
terminal,B8,R35,3.0
R35,terminal,B8,3.0
terminal,B8,R36,3.8
R36,terminal,B8,3.8
terminal,B8,R37,3.9
R37,terminal,B8,3.9
terminal,B9,R1,3.7
R1,terminal,B9,3.7
terminal,B9,R2,3.2
R2,terminal,B9,3.2
terminal,B9,R3,2.5
R3,terminal,B9,2.5
terminal,B9,R4,3.0
R4,terminal,B9,3.0
terminal,B9,R5,3.3
R5,terminal,B9,3.3
terminal,B9,R6,3.3
R6,terminal,B9,3.3
terminal,B9,R7,3.0
R7,terminal,B9,3.0
terminal,B9,R8,2.6
R8,terminal,B9,2.6
terminal,B9,R9,2.3
R9,terminal,B9,2.3
terminal,B9,R10,3.0
R10,terminal,B9,3.0
terminal,B9,R11,3.0
R11,terminal,B9,3.0
terminal,B9,R12,3.1
R12,terminal,B9,3.1
terminal,B9,R13,3.3
R13,terminal,B9,3.3
terminal,B9,R14,2.7
R14,terminal,B9,2.7
terminal,B9,R15,2.8
R15,terminal,B9,2.8
terminal,B9,R16,2.5
R16,terminal,B9,2.5
terminal,B9,R17,3.3
R17,terminal,B9,3.3
terminal,B9,R18,3.0
R18,terminal,B9,3.0
terminal,B9,R19,3.6
R19,terminal,B9,3.6
terminal,B9,R20,3.1
R20,terminal,B9,3.1
terminal,B9,R21,3.3
R21,terminal,B9,3.3
terminal,B9,R22,3.2
R22,terminal,B9,3.2
terminal,B9,R23,3.3
R23,terminal,B9,3.3
terminal,B9,R24,2.7
R24,terminal,B9,2.7
terminal,B9,R25,3.2
R25,terminal,B9,3.2
terminal,B9,R26,3.2
R26,terminal,B9,3.2
terminal,B9,R27,2.7
R27,terminal,B9,2.7
terminal,B9,R28,2.7
R28,terminal,B9,2.7
terminal,B9,R29,3.0
R29,terminal,B9,3.0
terminal,B9,R30,3.0
R30,terminal,B9,3.0
terminal,B9,R31,1.9
R31,terminal,B9,1.9
terminal,B9,R32,3.2
R32,terminal,B9,3.2
terminal,B9,R33,2.9
R33,terminal,B9,2.9
terminal,B9,R34,2.7
R34,terminal,B9,2.7
terminal,B9,R35,3.1
R35,terminal,B9,3.1
terminal,B9,R36,3.2
R36,terminal,B9,3.2
terminal,B9,R37,3.1
R37,terminal,B9,3.1
terminal,B10,R1,2.9
R1,terminal,B10,2.9
terminal,B10,R2,2.7
R2,terminal,B10,2.7
terminal,B10,R3,3.0
R3,terminal,B10,3.0
terminal,B10,R4,3.8
R4,terminal,B10,3.8
terminal,B10,R5,2.7
R5,terminal,B10,2.7
terminal,B10,R6,3.7
R6,terminal,B10,3.7
terminal,B10,R7,2.6
R7,terminal,B10,2.6
terminal,B10,R8,3.0
R8,terminal,B10,3.0
terminal,B10,R9,1.8
R9,terminal,B10,1.8
terminal,B10,R10,3.3
R10,terminal,B10,3.3
terminal,B10,R11,2.7
R11,terminal,B10,2.7
terminal,B10,R12,2.9
R12,terminal,B10,2.9
terminal,B10,R13,3.3
R13,terminal,B10,3.3
terminal,B10,R14,2.3
R14,terminal,B10,2.3
terminal,B10,R15,2.2
R15,terminal,B10,2.2
terminal,B10,R16,2.1
R16,terminal,B10,2.1
terminal,B10,R17,3.6
R17,terminal,B10,3.6
terminal,B10,R18,2.8
R18,terminal,B10,2.8
terminal,B10,R19,3.4
R19,terminal,B10,3.4
terminal,B10,R20,3.4
R20,terminal,B10,3.4
terminal,B10,R21,2.3
R21,terminal,B10,2.3
terminal,B10,R22,3.3
R22,terminal,B10,3.3
terminal,B10,R23,3.4
R23,terminal,B10,3.4
terminal,B10,R24,2.9
R24,terminal,B10,2.9
terminal,B10,R25,2.8
R25,terminal,B10,2.8
terminal,B10,R26,3.0
R26,terminal,B10,3.0
terminal,B10,R27,2.4
R27,terminal,B10,2.4
terminal,B10,R28,3.4
R28,terminal,B10,3.4
terminal,B10,R29,2.7
R29,terminal,B10,2.7
terminal,B10,R30,2.5
R30,terminal,B10,2.5
terminal,B10,R31,3.0
R31,terminal,B10,3.0
terminal,B10,R32,3.2
R32,terminal,B10,3.2
terminal,B10,R33,2.0
R33,terminal,B10,2.0
terminal,B10,R34,3.4
R34,terminal,B10,3.4
terminal,B10,R35,3.3
R35,terminal,B10,3.3
terminal,B10,R36,1.9
R36,terminal,B10,1.9
terminal,B10,R37,2.1
R37,terminal,B10,2.1
terminal,B11,R1,3.4
R1,terminal,B11,3.4
terminal,B11,R2,2.3
R2,terminal,B11,2.3
terminal,B11,R3,2.4
R3,terminal,B11,2.4
terminal,B11,R4,3.7
R4,terminal,B11,3.7
terminal,B11,R5,3.3
R5,terminal,B11,3.3
terminal,B11,R6,3.0
R6,terminal,B11,3.0
terminal,B11,R7,3.6
R7,terminal,B11,3.6
terminal,B11,R8,2.4
R8,terminal,B11,2.4
terminal,B11,R9,2.9
R9,terminal,B11,2.9
terminal,B11,R10,2.5
R10,terminal,B11,2.5
terminal,B11,R11,3.4
R11,terminal,B11,3.4
terminal,B11,R12,3.1
R12,terminal,B11,3.1
terminal,B11,R13,2.8
R13,terminal,B11,2.8
terminal,B11,R14,3.8
R14,terminal,B11,3.8
terminal,B11,R15,2.8
R15,terminal,B11,2.8
terminal,B11,R16,3.5
R16,terminal,B11,3.5
terminal,B11,R17,3.8
R17,terminal,B11,3.8
terminal,B11,R18,3.3
R18,terminal,B11,3.3
terminal,B11,R19,3.4
R19,terminal,B11,3.4
terminal,B11,R20,2.7
R20,terminal,B11,2.7
terminal,B11,R21,2.9
R21,terminal,B11,2.9
terminal,B11,R22,2.9
R22,terminal,B11,2.9
terminal,B11,R23,3.4
R23,terminal,B11,3.4
terminal,B11,R24,3.0
R24,terminal,B11,3.0
terminal,B11,R25,2.5
R25,terminal,B11,2.5
terminal,B11,R26,3.9
R26,terminal,B11,3.9
terminal,B11,R27,3.5
R27,terminal,B11,3.5
terminal,B11,R28,2.2
R28,terminal,B11,2.2
terminal,B11,R29,2.5
R29,terminal,B11,2.5
terminal,B11,R30,2.9
R30,terminal,B11,2.9
terminal,B11,R31,2.3
R31,terminal,B11,2.3
terminal,B11,R32,2.8
R32,terminal,B11,2.8
terminal,B11,R33,2.6
R33,terminal,B11,2.6
terminal,B11,R34,3.5
R34,terminal,B11,3.5
terminal,B11,R35,3.1
R35,terminal,B11,3.1
terminal,B11,R36,2.7
R36,terminal,B11,2.7
terminal,B11,R37,2.9
R37,terminal,B11,2.9
terminal,B12,R1,2.4
R1,terminal,B12,2.4
terminal,B12,R2,2.5
R2,terminal,B12,2.5
terminal,B12,R3,2.7
R3,terminal,B12,2.7
terminal,B12,R4,3.5
R4,terminal,B12,3.5
terminal,B12,R5,3.2
R5,terminal,B12,3.2
terminal,B12,R6,3.3
R6,terminal,B12,3.3
terminal,B12,R7,2.8
R7,terminal,B12,2.8
terminal,B12,R8,2.4
R8,terminal,B12,2.4
terminal,B12,R9,2.8
R9,terminal,B12,2.8
terminal,B12,R10,3.5
R10,terminal,B12,3.5
terminal,B12,R11,2.9
R11,terminal,B12,2.9
terminal,B12,R12,2.7
R12,terminal,B12,2.7
terminal,B12,R13,2.3
R13,terminal,B12,2.3
terminal,B12,R14,3.0
R14,terminal,B12,3.0
terminal,B12,R15,2.8
R15,terminal,B12,2.8
terminal,B12,R16,2.7
R16,terminal,B12,2.7
terminal,B12,R17,2.5
R17,terminal,B12,2.5
terminal,B12,R18,2.8
R18,terminal,B12,2.8
terminal,B12,R19,3.1
R19,terminal,B12,3.1
terminal,B12,R20,3.0
R20,terminal,B12,3.0
terminal,B12,R21,2.9
R21,terminal,B12,2.9
terminal,B12,R22,2.9
R22,terminal,B12,2.9
terminal,B12,R23,2.7
R23,terminal,B12,2.7
terminal,B12,R24,3.1
R24,terminal,B12,3.1
terminal,B12,R25,3.1
R25,terminal,B12,3.1
terminal,B12,R26,3.3
R26,terminal,B12,3.3
terminal,B12,R27,3.5
R27,terminal,B12,3.5
terminal,B12,R28,2.9
R28,terminal,B12,2.9
terminal,B12,R29,2.9
R29,terminal,B12,2.9
terminal,B12,R30,2.8
R30,terminal,B12,2.8
terminal,B12,R31,2.8
R31,terminal,B12,2.8
terminal,B12,R32,3.2
R32,terminal,B12,3.2
terminal,B12,R33,3.2
R33,terminal,B12,3.2
terminal,B12,R34,3.4
R34,terminal,B12,3.4
terminal,B12,R35,3.4
R35,terminal,B12,3.4
terminal,B12,R36,3.1
R36,terminal,B12,3.1
terminal,B12,R37,3.0
R37,terminal,B12,3.0
terminal,B13,R1,2.7
R1,terminal,B13,2.7
terminal,B13,R2,2.8
R2,terminal,B13,2.8
terminal,B13,R3,2.8
R3,terminal,B13,2.8
terminal,B13,R4,2.4
R4,terminal,B13,2.4
terminal,B13,R5,2.4
R5,terminal,B13,2.4
terminal,B13,R6,2.3
R6,terminal,B13,2.3
terminal,B13,R7,3.8
R7,terminal,B13,3.8
terminal,B13,R8,2.8
R8,terminal,B13,2.8
terminal,B13,R9,3.1
R9,terminal,B13,3.1
terminal,B13,R10,2.6
R10,terminal,B13,2.6
terminal,B13,R11,2.7
R11,terminal,B13,2.7
terminal,B13,R12,3.0
R12,terminal,B13,3.0
terminal,B13,R13,3.3
R13,terminal,B13,3.3
terminal,B13,R14,3.0
R14,terminal,B13,3.0
terminal,B13,R15,2.9
R15,terminal,B13,2.9
terminal,B13,R16,3.2
R16,terminal,B13,3.2
terminal,B13,R17,3.1
R17,terminal,B13,3.1
terminal,B13,R18,3.4
R18,terminal,B13,3.4
terminal,B13,R19,3.2
R19,terminal,B13,3.2
terminal,B13,R20,3.7
R20,terminal,B13,3.7
terminal,B13,R21,2.9
R21,terminal,B13,2.9
terminal,B13,R22,2.1
R22,terminal,B13,2.1
terminal,B13,R23,2.9
R23,terminal,B13,2.9
terminal,B13,R24,2.6
R24,terminal,B13,2.6
terminal,B13,R25,3.0
R25,terminal,B13,3.0
terminal,B13,R26,3.4
R26,terminal,B13,3.4
terminal,B13,R27,3.4
R27,terminal,B13,3.4
terminal,B13,R28,3.8
R28,terminal,B13,3.8
terminal,B13,R29,2.6
R29,terminal,B13,2.6
terminal,B13,R30,3.3
R30,terminal,B13,3.3
terminal,B13,R31,3.1
R31,terminal,B13,3.1
terminal,B13,R32,2.2
R32,terminal,B13,2.2
terminal,B13,R33,2.5
R33,terminal,B13,2.5
terminal,B13,R34,3.2
R34,terminal,B13,3.2
terminal,B13,R35,2.6
R35,terminal,B13,2.6
terminal,B13,R36,2.9
R36,terminal,B13,2.9
terminal,B13,R37,3.3
R37,terminal,B13,3.3
terminal,B14,R1,3.1
R1,terminal,B14,3.1
terminal,B14,R2,2.4
R2,terminal,B14,2.4
terminal,B14,R3,3.7
R3,terminal,B14,3.7
terminal,B14,R4,2.6
R4,terminal,B14,2.6
terminal,B14,R5,2.5
R5,terminal,B14,2.5
terminal,B14,R6,2.1
R6,terminal,B14,2.1
terminal,B14,R7,3.5
R7,terminal,B14,3.5
terminal,B14,R8,3.5
R8,terminal,B14,3.5
terminal,B14,R9,2.3
R9,terminal,B14,2.3
terminal,B14,R10,2.8
R10,terminal,B14,2.8
terminal,B14,R11,2.6
R11,terminal,B14,2.6
terminal,B14,R12,2.5
R12,terminal,B14,2.5
terminal,B14,R13,3.2
R13,terminal,B14,3.2
terminal,B14,R14,2.6
R14,terminal,B14,2.6
terminal,B14,R15,3.0
R15,terminal,B14,3.0
terminal,B14,R16,3.5
R16,terminal,B14,3.5
terminal,B14,R17,2.6
R17,terminal,B14,2.6
terminal,B14,R18,2.6
R18,terminal,B14,2.6
terminal,B14,R19,3.5
R19,terminal,B14,3.5
terminal,B14,R20,3.4
R20,terminal,B14,3.4
terminal,B14,R21,2.5
R21,terminal,B14,2.5
terminal,B14,R22,2.5
R22,terminal,B14,2.5
terminal,B14,R23,3.1
R23,terminal,B14,3.1
terminal,B14,R24,2.8
R24,terminal,B14,2.8
terminal,B14,R25,2.9
R25,terminal,B14,2.9
terminal,B14,R26,2.4
R26,terminal,B14,2.4
terminal,B14,R27,3.2
R27,terminal,B14,3.2
terminal,B14,R28,2.3
R28,terminal,B14,2.3
terminal,B14,R29,2.9
R29,terminal,B14,2.9
terminal,B14,R30,3.6
R30,terminal,B14,3.6
terminal,B14,R31,2.8
R31,terminal,B14,2.8
terminal,B14,R32,3.5
R32,terminal,B14,3.5
terminal,B14,R33,2.7
R33,terminal,B14,2.7
terminal,B14,R34,3.2
R34,terminal,B14,3.2
terminal,B14,R35,3.1
R35,terminal,B14,3.1
terminal,B14,R36,2.5
R36,terminal,B14,2.5
terminal,B14,R37,3.2
R37,terminal,B14,3.2
terminal,B15,R1,3.1
R1,terminal,B15,3.1
terminal,B15,R2,3.3
R2,terminal,B15,3.3
terminal,B15,R3,2.2
R3,terminal,B15,2.2
terminal,B15,R4,2.5
R4,terminal,B15,2.5
terminal,B15,R5,2.7
R5,terminal,B15,2.7
terminal,B15,R6,2.6
R6,terminal,B15,2.6
terminal,B15,R7,3.3
R7,terminal,B15,3.3
terminal,B15,R8,2.9
R8,terminal,B15,2.9
terminal,B15,R9,3.6
R9,terminal,B15,3.6
terminal,B15,R10,2.5
R10,terminal,B15,2.5
terminal,B15,R11,3.3
R11,terminal,B15,3.3
terminal,B15,R12,3.0
R12,terminal,B15,3.0
terminal,B15,R13,2.4
R13,terminal,B15,2.4
terminal,B15,R14,3.0
R14,terminal,B15,3.0
terminal,B15,R15,2.4
R15,terminal,B15,2.4
terminal,B15,R16,2.6
R16,terminal,B15,2.6
terminal,B15,R17,2.6
R17,terminal,B15,2.6
terminal,B15,R18,2.9
R18,terminal,B15,2.9
terminal,B15,R19,2.8
R19,terminal,B15,2.8
terminal,B15,R20,2.9
R20,terminal,B15,2.9
terminal,B15,R21,3.2
R21,terminal,B15,3.2
terminal,B15,R22,3.3
R22,terminal,B15,3.3
terminal,B15,R23,3.2
R23,terminal,B15,3.2
terminal,B15,R24,4.0
R24,terminal,B15,4.0
terminal,B15,R25,2.9
R25,terminal,B15,2.9
terminal,B15,R26,3.2
R26,terminal,B15,3.2
terminal,B15,R27,2.4
R27,terminal,B15,2.4
terminal,B15,R28,2.3
R28,terminal,B15,2.3
terminal,B15,R29,2.8
R29,terminal,B15,2.8
terminal,B15,R30,3.2
R30,terminal,B15,3.2
terminal,B15,R31,4.1
R31,terminal,B15,4.1
terminal,B15,R32,2.1
R32,terminal,B15,2.1
terminal,B15,R33,2.8
R33,terminal,B15,2.8
terminal,B15,R34,2.4
R34,terminal,B15,2.4
terminal,B15,R35,3.5
R35,terminal,B15,3.5
terminal,B15,R36,1.5
R36,terminal,B15,1.5
terminal,B15,R37,3.2
R37,terminal,B15,3.2
terminal,B16,R1,2.8
R1,terminal,B16,2.8
terminal,B16,R2,3.1
R2,terminal,B16,3.1
terminal,B16,R3,3.1
R3,terminal,B16,3.1
terminal,B16,R4,2.7
R4,terminal,B16,2.7
terminal,B16,R5,3.0
R5,terminal,B16,3.0
terminal,B16,R6,3.1
R6,terminal,B16,3.1
terminal,B16,R7,2.8
R7,terminal,B16,2.8
terminal,B16,R8,2.9
R8,terminal,B16,2.9
terminal,B16,R9,3.1
R9,terminal,B16,3.1
terminal,B16,R10,3.4
R10,terminal,B16,3.4
terminal,B16,R11,3.3
R11,terminal,B16,3.3
terminal,B16,R12,3.0
R12,terminal,B16,3.0
terminal,B16,R13,2.6
R13,terminal,B16,2.6
terminal,B16,R14,3.2
R14,terminal,B16,3.2
terminal,B16,R15,2.5
R15,terminal,B16,2.5
terminal,B16,R16,2.8
R16,terminal,B16,2.8
terminal,B16,R17,3.7
R17,terminal,B16,3.7
terminal,B16,R18,3.6
R18,terminal,B16,3.6
terminal,B16,R19,2.3
R19,terminal,B16,2.3
terminal,B16,R20,3.0
R20,terminal,B16,3.0
terminal,B16,R21,3.4
R21,terminal,B16,3.4
terminal,B16,R22,3.2
R22,terminal,B16,3.2
terminal,B16,R23,3.7
R23,terminal,B16,3.7
terminal,B16,R24,2.3
R24,terminal,B16,2.3
terminal,B16,R25,3.3
R25,terminal,B16,3.3
terminal,B16,R26,3.1
R26,terminal,B16,3.1
terminal,B16,R27,3.0
R27,terminal,B16,3.0
terminal,B16,R28,3.3
R28,terminal,B16,3.3
terminal,B16,R29,2.2
R29,terminal,B16,2.2
terminal,B16,R30,2.9
R30,terminal,B16,2.9
terminal,B16,R31,2.9
R31,terminal,B16,2.9
terminal,B16,R32,2.9
R32,terminal,B16,2.9
terminal,B16,R33,1.9
R33,terminal,B16,1.9
terminal,B16,R34,3.3
R34,terminal,B16,3.3
terminal,B16,R35,3.0
R35,terminal,B16,3.0
terminal,B16,R36,2.5
R36,terminal,B16,2.5
terminal,B16,R37,3.0
R37,terminal,B16,3.0
terminal,B17,R1,2.5
R1,terminal,B17,2.5
terminal,B17,R2,3.4
R2,terminal,B17,3.4
terminal,B17,R3,3.2
R3,terminal,B17,3.2
terminal,B17,R4,3.2
R4,terminal,B17,3.2
terminal,B17,R5,3.2
R5,terminal,B17,3.2
terminal,B17,R6,3.4
R6,terminal,B17,3.4
terminal,B17,R7,3.6
R7,terminal,B17,3.6
terminal,B17,R8,3.2
R8,terminal,B17,3.2
terminal,B17,R9,3.5
R9,terminal,B17,3.5
terminal,B17,R10,2.6
R10,terminal,B17,2.6
terminal,B17,R11,3.0
R11,terminal,B17,3.0
terminal,B17,R12,2.5
R12,terminal,B17,2.5
terminal,B17,R13,2.7
R13,terminal,B17,2.7
terminal,B17,R14,2.9
R14,terminal,B17,2.9
terminal,B17,R15,2.5
R15,terminal,B17,2.5
terminal,B17,R16,3.3
R16,terminal,B17,3.3
terminal,B17,R17,3.1
R17,terminal,B17,3.1
terminal,B17,R18,2.8
R18,terminal,B17,2.8
terminal,B17,R19,3.0
R19,terminal,B17,3.0
terminal,B17,R20,3.1
R20,terminal,B17,3.1
terminal,B17,R21,2.9
R21,terminal,B17,2.9
terminal,B17,R22,2.9
R22,terminal,B17,2.9
terminal,B17,R23,3.5
R23,terminal,B17,3.5
terminal,B17,R24,2.8
R24,terminal,B17,2.8
terminal,B17,R25,2.8
R25,terminal,B17,2.8
terminal,B17,R26,3.9
R26,terminal,B17,3.9
terminal,B17,R27,2.9
R27,terminal,B17,2.9
terminal,B17,R28,2.1
R28,terminal,B17,2.1
terminal,B17,R29,2.0
R29,terminal,B17,2.0
terminal,B17,R30,2.6
R30,terminal,B17,2.6
terminal,B17,R31,3.5
R31,terminal,B17,3.5
terminal,B17,R32,3.2
R32,terminal,B17,3.2
terminal,B17,R33,3.6
R33,terminal,B17,3.6
terminal,B17,R34,2.8
R34,terminal,B17,2.8
terminal,B17,R35,3.0
R35,terminal,B17,3.0
terminal,B17,R36,3.0
R36,terminal,B17,3.0
terminal,B17,R37,2.9
R37,terminal,B17,2.9
terminal,B18,R1,3.1
R1,terminal,B18,3.1
terminal,B18,R2,2.9
R2,terminal,B18,2.9
terminal,B18,R3,2.3
R3,terminal,B18,2.3
terminal,B18,R4,2.7
R4,terminal,B18,2.7
terminal,B18,R5,3.0
R5,terminal,B18,3.0
terminal,B18,R6,2.6
R6,terminal,B18,2.6
terminal,B18,R7,2.8
R7,terminal,B18,2.8
terminal,B18,R8,2.6
R8,terminal,B18,2.6
terminal,B18,R9,2.5
R9,terminal,B18,2.5
terminal,B18,R10,2.4
R10,terminal,B18,2.4
terminal,B18,R11,2.4
R11,terminal,B18,2.4
terminal,B18,R12,3.1
R12,terminal,B18,3.1
terminal,B18,R13,2.9
R13,terminal,B18,2.9
terminal,B18,R14,3.2
R14,terminal,B18,3.2
terminal,B18,R15,3.1
R15,terminal,B18,3.1
terminal,B18,R16,2.7
R16,terminal,B18,2.7
terminal,B18,R17,3.2
R17,terminal,B18,3.2
terminal,B18,R18,3.0
R18,terminal,B18,3.0
terminal,B18,R19,2.4
R19,terminal,B18,2.4
terminal,B18,R20,3.0
R20,terminal,B18,3.0
terminal,B18,R21,3.0
R21,terminal,B18,3.0
terminal,B18,R22,3.0
R22,terminal,B18,3.0
terminal,B18,R23,3.3
R23,terminal,B18,3.3
terminal,B18,R24,1.9
R24,terminal,B18,1.9
terminal,B18,R25,3.5
R25,terminal,B18,3.5
terminal,B18,R26,3.6
R26,terminal,B18,3.6
terminal,B18,R27,3.4
R27,terminal,B18,3.4
terminal,B18,R28,3.4
R28,terminal,B18,3.4
terminal,B18,R29,3.1
R29,terminal,B18,3.1
terminal,B18,R30,3.8
R30,terminal,B18,3.8
terminal,B18,R31,2.7
R31,terminal,B18,2.7
terminal,B18,R32,2.8
R32,terminal,B18,2.8
terminal,B18,R33,2.2
R33,terminal,B18,2.2
terminal,B18,R34,3.6
R34,terminal,B18,3.6
terminal,B18,R35,3.2
R35,terminal,B18,3.2
terminal,B18,R36,2.8
R36,terminal,B18,2.8
terminal,B18,R37,2.7
R37,terminal,B18,2.7
terminal,B19,R1,3.2
R1,terminal,B19,3.2
terminal,B19,R2,3.7
R2,terminal,B19,3.7
terminal,B19,R3,1.9
R3,terminal,B19,1.9
terminal,B19,R4,3.3
R4,terminal,B19,3.3
terminal,B19,R5,2.2
R5,terminal,B19,2.2
terminal,B19,R6,3.6
R6,terminal,B19,3.6
terminal,B19,R7,2.8
R7,terminal,B19,2.8
terminal,B19,R8,3.6
R8,terminal,B19,3.6
terminal,B19,R9,3.1
R9,terminal,B19,3.1
terminal,B19,R10,3.6
R10,terminal,B19,3.6
terminal,B19,R11,2.8
R11,terminal,B19,2.8
terminal,B19,R12,3.2
R12,terminal,B19,3.2
terminal,B19,R13,2.6
R13,terminal,B19,2.6
terminal,B19,R14,2.8
R14,terminal,B19,2.8
terminal,B19,R15,2.7
R15,terminal,B19,2.7
terminal,B19,R16,2.8
R16,terminal,B19,2.8
terminal,B19,R17,2.6
R17,terminal,B19,2.6
terminal,B19,R18,2.5
R18,terminal,B19,2.5
terminal,B19,R19,2.9
R19,terminal,B19,2.9
terminal,B19,R20,3.2
R20,terminal,B19,3.2
terminal,B19,R21,2.9
R21,terminal,B19,2.9
terminal,B19,R22,3.1
R22,terminal,B19,3.1
terminal,B19,R23,3.3
R23,terminal,B19,3.3
terminal,B19,R24,2.6
R24,terminal,B19,2.6
terminal,B19,R25,3.2
R25,terminal,B19,3.2
terminal,B19,R26,3.8
R26,terminal,B19,3.8
terminal,B19,R27,2.9
R27,terminal,B19,2.9
terminal,B19,R28,2.3
R28,terminal,B19,2.3
terminal,B19,R29,3.3
R29,terminal,B19,3.3
terminal,B19,R30,2.6
R30,terminal,B19,2.6
terminal,B19,R31,2.9
R31,terminal,B19,2.9
terminal,B19,R32,3.2
R32,terminal,B19,3.2
terminal,B19,R33,2.7
R33,terminal,B19,2.7
terminal,B19,R34,2.6
R34,terminal,B19,2.6
terminal,B19,R35,3.4
R35,terminal,B19,3.4
terminal,B19,R36,2.3
R36,terminal,B19,2.3
terminal,B19,R37,2.9
R37,terminal,B19,2.9
terminal,B20,R1,2.8
R1,terminal,B20,2.8
terminal,B20,R2,2.9
R2,terminal,B20,2.9
terminal,B20,R3,3.3
R3,terminal,B20,3.3
terminal,B20,R4,2.6
R4,terminal,B20,2.6
terminal,B20,R5,2.7
R5,terminal,B20,2.7
terminal,B20,R6,2.6
R6,terminal,B20,2.6
terminal,B20,R7,3.4
R7,terminal,B20,3.4
terminal,B20,R8,3.0
R8,terminal,B20,3.0
terminal,B20,R9,2.6
R9,terminal,B20,2.6
terminal,B20,R10,3.8
R10,terminal,B20,3.8
terminal,B20,R11,3.5
R11,terminal,B20,3.5
terminal,B20,R12,3.4
R12,terminal,B20,3.4
terminal,B20,R13,2.7
R13,terminal,B20,2.7
terminal,B20,R14,2.9
R14,terminal,B20,2.9
terminal,B20,R15,2.8
R15,terminal,B20,2.8
terminal,B20,R16,2.7
R16,terminal,B20,2.7
terminal,B20,R17,3.6
R17,terminal,B20,3.6
terminal,B20,R18,3.0
R18,terminal,B20,3.0
terminal,B20,R19,3.3
R19,terminal,B20,3.3
terminal,B20,R20,2.7
R20,terminal,B20,2.7
terminal,B20,R21,2.5
R21,terminal,B20,2.5
terminal,B20,R22,3.0
R22,terminal,B20,3.0
terminal,B20,R23,3.4
R23,terminal,B20,3.4
terminal,B20,R24,3.0
R24,terminal,B20,3.0
terminal,B20,R25,3.0
R25,terminal,B20,3.0
terminal,B20,R26,2.9
R26,terminal,B20,2.9
terminal,B20,R27,2.1
R27,terminal,B20,2.1
terminal,B20,R28,3.1
R28,terminal,B20,3.1
terminal,B20,R29,2.6
R29,terminal,B20,2.6
terminal,B20,R30,3.1
R30,terminal,B20,3.1
terminal,B20,R31,3.3
R31,terminal,B20,3.3
terminal,B20,R32,2.5
R32,terminal,B20,2.5
terminal,B20,R33,2.9
R33,terminal,B20,2.9
terminal,B20,R34,3.1
R34,terminal,B20,3.1
terminal,B20,R35,2.5
R35,terminal,B20,2.5
terminal,B20,R36,3.0
R36,terminal,B20,3.0
terminal,B20,R37,3.6
R37,terminal,B20,3.6
terminal,B21,R1,3.3
R1,terminal,B21,3.3
terminal,B21,R2,2.4
R2,terminal,B21,2.4
terminal,B21,R3,3.1
R3,terminal,B21,3.1
terminal,B21,R4,2.4
R4,terminal,B21,2.4
terminal,B21,R5,3.4
R5,terminal,B21,3.4
terminal,B21,R6,3.1
R6,terminal,B21,3.1
terminal,B21,R7,2.7
R7,terminal,B21,2.7
terminal,B21,R8,3.3
R8,terminal,B21,3.3
terminal,B21,R9,2.6
R9,terminal,B21,2.6
terminal,B21,R10,2.3
R10,terminal,B21,2.3
terminal,B21,R11,3.5
R11,terminal,B21,3.5
terminal,B21,R12,2.8
R12,terminal,B21,2.8
terminal,B21,R13,3.3
R13,terminal,B21,3.3
terminal,B21,R14,3.1
R14,terminal,B21,3.1
terminal,B21,R15,3.1
R15,terminal,B21,3.1
terminal,B21,R16,3.3
R16,terminal,B21,3.3
terminal,B21,R17,2.8
R17,terminal,B21,2.8
terminal,B21,R18,3.3
R18,terminal,B21,3.3
terminal,B21,R19,2.7
R19,terminal,B21,2.7
terminal,B21,R20,3.1
R20,terminal,B21,3.1
terminal,B21,R21,2.6
R21,terminal,B21,2.6
terminal,B21,R22,2.8
R22,terminal,B21,2.8
terminal,B21,R23,3.0
R23,terminal,B21,3.0
terminal,B21,R24,2.8
R24,terminal,B21,2.8
terminal,B21,R25,2.6
R25,terminal,B21,2.6
terminal,B21,R26,2.6
R26,terminal,B21,2.6
terminal,B21,R27,3.1
R27,terminal,B21,3.1
terminal,B21,R28,3.6
R28,terminal,B21,3.6
terminal,B21,R29,3.0
R29,terminal,B21,3.0
terminal,B21,R30,3.0
R30,terminal,B21,3.0
terminal,B21,R31,3.8
R31,terminal,B21,3.8
terminal,B21,R32,3.9
R32,terminal,B21,3.9
terminal,B21,R33,3.1
R33,terminal,B21,3.1
terminal,B21,R34,2.5
R34,terminal,B21,2.5
terminal,B21,R35,3.5
R35,terminal,B21,3.5
terminal,B21,R36,2.6
R36,terminal,B21,2.6
terminal,B21,R37,3.5
R37,terminal,B21,3.5
terminal,B22,R1,2.8
R1,terminal,B22,2.8
terminal,B22,R2,2.8
R2,terminal,B22,2.8
terminal,B22,R3,3.1
R3,terminal,B22,3.1
terminal,B22,R4,3.1
R4,terminal,B22,3.1
terminal,B22,R5,3.2
R5,terminal,B22,3.2
terminal,B22,R6,2.8
R6,terminal,B22,2.8
terminal,B22,R7,3.0
R7,terminal,B22,3.0
terminal,B22,R8,3.3
R8,terminal,B22,3.3
terminal,B22,R9,3.3
R9,terminal,B22,3.3
terminal,B22,R10,3.0
R10,terminal,B22,3.0
terminal,B22,R11,2.7
R11,terminal,B22,2.7
terminal,B22,R12,3.3
R12,terminal,B22,3.3
terminal,B22,R13,3.1
R13,terminal,B22,3.1
terminal,B22,R14,3.1
R14,terminal,B22,3.1
terminal,B22,R15,2.6
R15,terminal,B22,2.6
terminal,B22,R16,2.4
R16,terminal,B22,2.4
terminal,B22,R17,2.9
R17,terminal,B22,2.9
terminal,B22,R18,3.4
R18,terminal,B22,3.4
terminal,B22,R19,2.8
R19,terminal,B22,2.8
terminal,B22,R20,3.1
R20,terminal,B22,3.1
terminal,B22,R21,3.7
R21,terminal,B22,3.7
terminal,B22,R22,3.9
R22,terminal,B22,3.9
terminal,B22,R23,2.3
R23,terminal,B22,2.3
terminal,B22,R24,3.2
R24,terminal,B22,3.2
terminal,B22,R25,2.7
R25,terminal,B22,2.7
terminal,B22,R26,2.8
R26,terminal,B22,2.8
terminal,B22,R27,2.8
R27,terminal,B22,2.8
terminal,B22,R28,3.0
R28,terminal,B22,3.0
terminal,B22,R29,2.5
R29,terminal,B22,2.5
terminal,B22,R30,3.3
R30,terminal,B22,3.3
terminal,B22,R31,3.1
R31,terminal,B22,3.1
terminal,B22,R32,3.6
R32,terminal,B22,3.6
terminal,B22,R33,3.8
R33,terminal,B22,3.8
terminal,B22,R34,3.0
R34,terminal,B22,3.0
terminal,B22,R35,2.7
R35,terminal,B22,2.7
terminal,B22,R36,3.2
R36,terminal,B22,3.2
terminal,B22,R37,3.1
R37,terminal,B22,3.1
terminal,B23,R1,3.6
R1,terminal,B23,3.6
terminal,B23,R2,3.0
R2,terminal,B23,3.0
terminal,B23,R3,2.7
R3,terminal,B23,2.7
terminal,B23,R4,2.9
R4,terminal,B23,2.9
terminal,B23,R5,3.1
R5,terminal,B23,3.1
terminal,B23,R6,3.5
R6,terminal,B23,3.5
terminal,B23,R7,2.8
R7,terminal,B23,2.8
terminal,B23,R8,3.2
R8,terminal,B23,3.2
terminal,B23,R9,3.0
R9,terminal,B23,3.0
terminal,B23,R10,2.6
R10,terminal,B23,2.6
terminal,B23,R11,3.2
R11,terminal,B23,3.2
terminal,B23,R12,3.3
R12,terminal,B23,3.3
terminal,B23,R13,3.0
R13,terminal,B23,3.0
terminal,B23,R14,2.8
R14,terminal,B23,2.8
terminal,B23,R15,3.1
R15,terminal,B23,3.1
terminal,B23,R16,3.1
R16,terminal,B23,3.1
terminal,B23,R17,3.2
R17,terminal,B23,3.2
terminal,B23,R18,3.3
R18,terminal,B23,3.3
terminal,B23,R19,2.9
R19,terminal,B23,2.9
terminal,B23,R20,2.8
R20,terminal,B23,2.8
terminal,B23,R21,3.0
R21,terminal,B23,3.0
terminal,B23,R22,2.5
R22,terminal,B23,2.5
terminal,B23,R23,3.3
R23,terminal,B23,3.3
terminal,B23,R24,2.1
R24,terminal,B23,2.1
terminal,B23,R25,2.8
R25,terminal,B23,2.8
terminal,B23,R26,3.3
R26,terminal,B23,3.3
terminal,B23,R27,2.8
R27,terminal,B23,2.8
terminal,B23,R28,2.8
R28,terminal,B23,2.8
terminal,B23,R29,3.1
R29,terminal,B23,3.1
terminal,B23,R30,3.9
R30,terminal,B23,3.9
terminal,B23,R31,3.0
R31,terminal,B23,3.0
terminal,B23,R32,2.8
R32,terminal,B23,2.8
terminal,B23,R33,2.9
R33,terminal,B23,2.9
terminal,B23,R34,3.8
R34,terminal,B23,3.8
terminal,B23,R35,3.1
R35,terminal,B23,3.1
terminal,B23,R36,2.4
R36,terminal,B23,2.4
terminal,B23,R37,2.6
R37,terminal,B23,2.6
terminal,B24,R1,2.5
R1,terminal,B24,2.5
terminal,B24,R2,2.7
R2,terminal,B24,2.7
terminal,B24,R3,2.6
R3,terminal,B24,2.6
terminal,B24,R4,2.1
R4,terminal,B24,2.1
terminal,B24,R5,2.4
R5,terminal,B24,2.4
terminal,B24,R6,3.0
R6,terminal,B24,3.0
terminal,B24,R7,2.7
R7,terminal,B24,2.7
terminal,B24,R8,2.5
R8,terminal,B24,2.5
terminal,B24,R9,3.3
R9,terminal,B24,3.3
terminal,B24,R10,2.9
R10,terminal,B24,2.9
terminal,B24,R11,2.8
R11,terminal,B24,2.8
terminal,B24,R12,3.3
R12,terminal,B24,3.3
terminal,B24,R13,3.4
R13,terminal,B24,3.4
terminal,B24,R14,3.3
R14,terminal,B24,3.3
terminal,B24,R15,3.8
R15,terminal,B24,3.8
terminal,B24,R16,1.9
R16,terminal,B24,1.9
terminal,B24,R17,3.4
R17,terminal,B24,3.4
terminal,B24,R18,2.7
R18,terminal,B24,2.7
terminal,B24,R19,2.5
R19,terminal,B24,2.5
terminal,B24,R20,2.8
R20,terminal,B24,2.8
terminal,B24,R21,3.7
R21,terminal,B24,3.7
terminal,B24,R22,3.6
R22,terminal,B24,3.6
terminal,B24,R23,2.8
R23,terminal,B24,2.8
terminal,B24,R24,2.8
R24,terminal,B24,2.8
terminal,B24,R25,3.1
R25,terminal,B24,3.1
terminal,B24,R26,3.5
R26,terminal,B24,3.5
terminal,B24,R27,3.1
R27,terminal,B24,3.1
terminal,B24,R28,2.4
R28,terminal,B24,2.4
terminal,B24,R29,2.3
R29,terminal,B24,2.3
terminal,B24,R30,2.6
R30,terminal,B24,2.6
terminal,B24,R31,3.3
R31,terminal,B24,3.3
terminal,B24,R32,3.0
R32,terminal,B24,3.0
terminal,B24,R33,2.8
R33,terminal,B24,2.8
terminal,B24,R34,3.3
R34,terminal,B24,3.3
terminal,B24,R35,3.0
R35,terminal,B24,3.0
terminal,B24,R36,2.8
R36,terminal,B24,2.8
terminal,B24,R37,3.3
R37,terminal,B24,3.3
terminal,B25,R1,3.3
R1,terminal,B25,3.3
terminal,B25,R2,3.0
R2,terminal,B25,3.0
terminal,B25,R3,3.0
R3,terminal,B25,3.0
terminal,B25,R4,2.7
R4,terminal,B25,2.7
terminal,B25,R5,2.9
R5,terminal,B25,2.9
terminal,B25,R6,3.0
R6,terminal,B25,3.0
terminal,B25,R7,3.2
R7,terminal,B25,3.2
terminal,B25,R8,2.6
R8,terminal,B25,2.6
terminal,B25,R9,2.7
R9,terminal,B25,2.7
terminal,B25,R10,3.4
R10,terminal,B25,3.4
terminal,B25,R11,3.7
R11,terminal,B25,3.7
terminal,B25,R12,2.3
R12,terminal,B25,2.3
terminal,B25,R13,2.8
R13,terminal,B25,2.8
terminal,B25,R14,2.9
R14,terminal,B25,2.9
terminal,B25,R15,3.7
R15,terminal,B25,3.7
terminal,B25,R16,3.0
R16,terminal,B25,3.0
terminal,B25,R17,2.7
R17,terminal,B25,2.7
terminal,B25,R18,3.4
R18,terminal,B25,3.4
terminal,B25,R19,2.9
R19,terminal,B25,2.9
terminal,B25,R20,2.8
R20,terminal,B25,2.8
terminal,B25,R21,2.8
R21,terminal,B25,2.8
terminal,B25,R22,3.3
R22,terminal,B25,3.3
terminal,B25,R23,3.8
R23,terminal,B25,3.8
terminal,B25,R24,3.1
R24,terminal,B25,3.1
terminal,B25,R25,3.3
R25,terminal,B25,3.3
terminal,B25,R26,3.0
R26,terminal,B25,3.0
terminal,B25,R27,3.1
R27,terminal,B25,3.1
terminal,B25,R28,2.5
R28,terminal,B25,2.5
terminal,B25,R29,3.2
R29,terminal,B25,3.2
terminal,B25,R30,3.1
R30,terminal,B25,3.1
terminal,B25,R31,3.6
R31,terminal,B25,3.6
terminal,B25,R32,2.9
R32,terminal,B25,2.9
terminal,B25,R33,2.5
R33,terminal,B25,2.5
terminal,B25,R34,3.0
R34,terminal,B25,3.0
terminal,B25,R35,2.7
R35,terminal,B25,2.7
terminal,B25,R36,3.0
R36,terminal,B25,3.0
terminal,B25,R37,3.6
R37,terminal,B25,3.6
terminal,B26,R1,2.5
R1,terminal,B26,2.5
terminal,B26,R2,3.3
R2,terminal,B26,3.3
terminal,B26,R3,3.1
R3,terminal,B26,3.1
terminal,B26,R4,2.5
R4,terminal,B26,2.5
terminal,B26,R5,3.4
R5,terminal,B26,3.4
terminal,B26,R6,2.6
R6,terminal,B26,2.6
terminal,B26,R7,3.2
R7,terminal,B26,3.2
terminal,B26,R8,3.0
R8,terminal,B26,3.0
terminal,B26,R9,3.8
R9,terminal,B26,3.8
terminal,B26,R10,2.6
R10,terminal,B26,2.6
terminal,B26,R11,3.1
R11,terminal,B26,3.1
terminal,B26,R12,3.5
R12,terminal,B26,3.5
terminal,B26,R13,2.7
R13,terminal,B26,2.7
terminal,B26,R14,2.7
R14,terminal,B26,2.7
terminal,B26,R15,3.0
R15,terminal,B26,3.0
terminal,B26,R16,3.4
R16,terminal,B26,3.4
terminal,B26,R17,2.8
R17,terminal,B26,2.8
terminal,B26,R18,3.1
R18,terminal,B26,3.1
terminal,B26,R19,2.9
R19,terminal,B26,2.9
terminal,B26,R20,2.8
R20,terminal,B26,2.8
terminal,B26,R21,3.1
R21,terminal,B26,3.1
terminal,B26,R22,2.7
R22,terminal,B26,2.7
terminal,B26,R23,2.8
R23,terminal,B26,2.8
terminal,B26,R24,2.9
R24,terminal,B26,2.9
terminal,B26,R25,2.7
R25,terminal,B26,2.7
terminal,B26,R26,2.8
R26,terminal,B26,2.8
terminal,B26,R27,3.0
R27,terminal,B26,3.0
terminal,B26,R28,3.2
R28,terminal,B26,3.2
terminal,B26,R29,2.5
R29,terminal,B26,2.5
terminal,B26,R30,3.8
R30,terminal,B26,3.8
terminal,B26,R31,3.1
R31,terminal,B26,3.1
terminal,B26,R32,3.7
R32,terminal,B26,3.7
terminal,B26,R33,2.8
R33,terminal,B26,2.8
terminal,B26,R34,3.1
R34,terminal,B26,3.1
terminal,B26,R35,2.8
R35,terminal,B26,2.8
terminal,B26,R36,2.7
R36,terminal,B26,2.7
terminal,B26,R37,3.5
R37,terminal,B26,3.5
terminal,B27,R1,2.9
R1,terminal,B27,2.9
terminal,B27,R2,2.8
R2,terminal,B27,2.8
terminal,B27,R3,2.9
R3,terminal,B27,2.9
terminal,B27,R4,2.3
R4,terminal,B27,2.3
terminal,B27,R5,3.5
R5,terminal,B27,3.5
terminal,B27,R6,2.4
R6,terminal,B27,2.4
terminal,B27,R7,3.2
R7,terminal,B27,3.2
terminal,B27,R8,2.9
R8,terminal,B27,2.9
terminal,B27,R9,2.9
R9,terminal,B27,2.9
terminal,B27,R10,2.7
R10,terminal,B27,2.7
terminal,B27,R11,3.1
R11,terminal,B27,3.1
terminal,B27,R12,2.8
R12,terminal,B27,2.8
terminal,B27,R13,3.3
R13,terminal,B27,3.3
terminal,B27,R14,2.8
R14,terminal,B27,2.8
terminal,B27,R15,3.2
R15,terminal,B27,3.2
terminal,B27,R16,2.3
R16,terminal,B27,2.3
terminal,B27,R17,2.9
R17,terminal,B27,2.9
terminal,B27,R18,3.1
R18,terminal,B27,3.1
terminal,B27,R19,3.2
R19,terminal,B27,3.2
terminal,B27,R20,3.2
R20,terminal,B27,3.2
terminal,B27,R21,3.5
R21,terminal,B27,3.5
terminal,B27,R22,3.1
R22,terminal,B27,3.1
terminal,B27,R23,2.9
R23,terminal,B27,2.9
terminal,B27,R24,2.9
R24,terminal,B27,2.9
terminal,B27,R25,2.8
R25,terminal,B27,2.8
terminal,B27,R26,3.5
R26,terminal,B27,3.5
terminal,B27,R27,2.7
R27,terminal,B27,2.7
terminal,B27,R28,2.5
R28,terminal,B27,2.5
terminal,B27,R29,2.8
R29,terminal,B27,2.8
terminal,B27,R30,3.4
R30,terminal,B27,3.4
terminal,B27,R31,2.7
R31,terminal,B27,2.7
terminal,B27,R32,2.8
R32,terminal,B27,2.8
terminal,B27,R33,2.9
R33,terminal,B27,2.9
terminal,B27,R34,3.1
R34,terminal,B27,3.1
terminal,B27,R35,3.4
R35,terminal,B27,3.4
terminal,B27,R36,3.2
R36,terminal,B27,3.2
terminal,B27,R37,2.7
R37,terminal,B27,2.7
terminal,B28,R1,3.4
R1,terminal,B28,3.4
terminal,B28,R2,2.5
R2,terminal,B28,2.5
terminal,B28,R3,3.6
R3,terminal,B28,3.6
terminal,B28,R4,3.2
R4,terminal,B28,3.2
terminal,B28,R5,2.4
R5,terminal,B28,2.4
terminal,B28,R6,2.5
R6,terminal,B28,2.5
terminal,B28,R7,3.2
R7,terminal,B28,3.2
terminal,B28,R8,3.1
R8,terminal,B28,3.1
terminal,B28,R9,3.3
R9,terminal,B28,3.3
terminal,B28,R10,2.7
R10,terminal,B28,2.7
terminal,B28,R11,3.2
R11,terminal,B28,3.2
terminal,B28,R12,2.3
R12,terminal,B28,2.3
terminal,B28,R13,3.0
R13,terminal,B28,3.0
terminal,B28,R14,3.2
R14,terminal,B28,3.2
terminal,B28,R15,2.7
R15,terminal,B28,2.7
terminal,B28,R16,2.9
R16,terminal,B28,2.9
terminal,B28,R17,3.1
R17,terminal,B28,3.1
terminal,B28,R18,1.8
R18,terminal,B28,1.8
terminal,B28,R19,2.6
R19,terminal,B28,2.6
terminal,B28,R20,3.1
R20,terminal,B28,3.1
terminal,B28,R21,2.8
R21,terminal,B28,2.8
terminal,B28,R22,3.1
R22,terminal,B28,3.1
terminal,B28,R23,3.5
R23,terminal,B28,3.5
terminal,B28,R24,2.5
R24,terminal,B28,2.5
terminal,B28,R25,3.5
R25,terminal,B28,3.5
terminal,B28,R26,3.1
R26,terminal,B28,3.1
terminal,B28,R27,2.6
R27,terminal,B28,2.6
terminal,B28,R28,2.4
R28,terminal,B28,2.4
terminal,B28,R29,2.5
R29,terminal,B28,2.5
terminal,B28,R30,2.6
R30,terminal,B28,2.6
terminal,B28,R31,2.7
R31,terminal,B28,2.7
terminal,B28,R32,2.6
R32,terminal,B28,2.6
terminal,B28,R33,3.5
R33,terminal,B28,3.5
terminal,B28,R34,3.4
R34,terminal,B28,3.4
terminal,B28,R35,1.7
R35,terminal,B28,1.7
terminal,B28,R36,3.3
R36,terminal,B28,3.3
terminal,B28,R37,2.7
R37,terminal,B28,2.7
terminal,B29,R1,2.6
R1,terminal,B29,2.6
terminal,B29,R2,2.8
R2,terminal,B29,2.8
terminal,B29,R3,2.9
R3,terminal,B29,2.9
terminal,B29,R4,3.3
R4,terminal,B29,3.3
terminal,B29,R5,2.6
R5,terminal,B29,2.6
terminal,B29,R6,2.7
R6,terminal,B29,2.7
terminal,B29,R7,2.8
R7,terminal,B29,2.8
terminal,B29,R8,2.9
R8,terminal,B29,2.9
terminal,B29,R9,2.7
R9,terminal,B29,2.7
terminal,B29,R10,2.9
R10,terminal,B29,2.9
terminal,B29,R11,2.6
R11,terminal,B29,2.6
terminal,B29,R12,2.7
R12,terminal,B29,2.7
terminal,B29,R13,2.5
R13,terminal,B29,2.5
terminal,B29,R14,2.6
R14,terminal,B29,2.6
terminal,B29,R15,3.4
R15,terminal,B29,3.4
terminal,B29,R16,3.2
R16,terminal,B29,3.2
terminal,B29,R17,3.1
R17,terminal,B29,3.1
terminal,B29,R18,3.1
R18,terminal,B29,3.1
terminal,B29,R19,3.1
R19,terminal,B29,3.1
terminal,B29,R20,3.1
R20,terminal,B29,3.1
terminal,B29,R21,3.5
R21,terminal,B29,3.5
terminal,B29,R22,2.6
R22,terminal,B29,2.6
terminal,B29,R23,3.2
R23,terminal,B29,3.2
terminal,B29,R24,3.0
R24,terminal,B29,3.0
terminal,B29,R25,3.5
R25,terminal,B29,3.5
terminal,B29,R26,2.7
R26,terminal,B29,2.7
terminal,B29,R27,2.7
R27,terminal,B29,2.7
terminal,B29,R28,3.2
R28,terminal,B29,3.2
terminal,B29,R29,3.7
R29,terminal,B29,3.7
terminal,B29,R30,2.3
R30,terminal,B29,2.3
terminal,B29,R31,3.6
R31,terminal,B29,3.6
terminal,B29,R32,3.4
R32,terminal,B29,3.4
terminal,B29,R33,3.4
R33,terminal,B29,3.4
terminal,B29,R34,2.8
R34,terminal,B29,2.8
terminal,B29,R35,2.8
R35,terminal,B29,2.8
terminal,B29,R36,3.0
R36,terminal,B29,3.0
terminal,B29,R37,2.9
R37,terminal,B29,2.9
terminal,B30,R1,3.0
R1,terminal,B30,3.0
terminal,B30,R2,2.6
R2,terminal,B30,2.6
terminal,B30,R3,2.7
R3,terminal,B30,2.7
terminal,B30,R4,3.1
R4,terminal,B30,3.1
terminal,B30,R5,3.4
R5,terminal,B30,3.4
terminal,B30,R6,4.0
R6,terminal,B30,4.0
terminal,B30,R7,2.9
R7,terminal,B30,2.9
terminal,B30,R8,3.3
R8,terminal,B30,3.3
terminal,B30,R9,3.4
R9,terminal,B30,3.4
terminal,B30,R10,2.7
R10,terminal,B30,2.7
terminal,B30,R11,2.7
R11,terminal,B30,2.7
terminal,B30,R12,3.0
R12,terminal,B30,3.0
terminal,B30,R13,2.0
R13,terminal,B30,2.0
terminal,B30,R14,3.2
R14,terminal,B30,3.2
terminal,B30,R15,3.2
R15,terminal,B30,3.2
terminal,B30,R16,4.0
R16,terminal,B30,4.0
terminal,B30,R17,2.7
R17,terminal,B30,2.7
terminal,B30,R18,2.7
R18,terminal,B30,2.7
terminal,B30,R19,3.1
R19,terminal,B30,3.1
terminal,B30,R20,2.8
R20,terminal,B30,2.8
terminal,B30,R21,3.4
R21,terminal,B30,3.4
terminal,B30,R22,3.1
R22,terminal,B30,3.1
terminal,B30,R23,3.2
R23,terminal,B30,3.2
terminal,B30,R24,2.4
R24,terminal,B30,2.4
terminal,B30,R25,2.7
R25,terminal,B30,2.7
terminal,B30,R26,3.0
R26,terminal,B30,3.0
terminal,B30,R27,2.7
R27,terminal,B30,2.7
terminal,B30,R28,3.3
R28,terminal,B30,3.3
terminal,B30,R29,2.3
R29,terminal,B30,2.3
terminal,B30,R30,3.3
R30,terminal,B30,3.3
terminal,B30,R31,2.5
R31,terminal,B30,2.5
terminal,B30,R32,2.2
R32,terminal,B30,2.2
terminal,B30,R33,2.0
R33,terminal,B30,2.0
terminal,B30,R34,3.1
R34,terminal,B30,3.1
terminal,B30,R35,3.1
R35,terminal,B30,3.1
terminal,B30,R36,2.5
R36,terminal,B30,2.5
terminal,B30,R37,3.0
R37,terminal,B30,3.0
terminal,B31,R1,2.3
R1,terminal,B31,2.3
terminal,B31,R2,2.7
R2,terminal,B31,2.7
terminal,B31,R3,3.2
R3,terminal,B31,3.2
terminal,B31,R4,3.2
R4,terminal,B31,3.2
terminal,B31,R5,2.7
R5,terminal,B31,2.7
terminal,B31,R6,2.9
R6,terminal,B31,2.9
terminal,B31,R7,2.6
R7,terminal,B31,2.6
terminal,B31,R8,3.3
R8,terminal,B31,3.3
terminal,B31,R9,3.3
R9,terminal,B31,3.3
terminal,B31,R10,2.9
R10,terminal,B31,2.9
terminal,B31,R11,2.5
R11,terminal,B31,2.5
terminal,B31,R12,2.9
R12,terminal,B31,2.9
terminal,B31,R13,3.0
R13,terminal,B31,3.0
terminal,B31,R14,3.5
R14,terminal,B31,3.5
terminal,B31,R15,3.1
R15,terminal,B31,3.1
terminal,B31,R16,2.8
R16,terminal,B31,2.8
terminal,B31,R17,2.8
R17,terminal,B31,2.8
terminal,B31,R18,2.7
R18,terminal,B31,2.7
terminal,B31,R19,3.2
R19,terminal,B31,3.2
terminal,B31,R20,2.6
R20,terminal,B31,2.6
terminal,B31,R21,2.4
R21,terminal,B31,2.4
terminal,B31,R22,2.7
R22,terminal,B31,2.7
terminal,B31,R23,3.0
R23,terminal,B31,3.0
terminal,B31,R24,2.4
R24,terminal,B31,2.4
terminal,B31,R25,3.7
R25,terminal,B31,3.7
terminal,B31,R26,2.7
R26,terminal,B31,2.7
terminal,B31,R27,2.9
R27,terminal,B31,2.9
terminal,B31,R28,3.2
R28,terminal,B31,3.2
terminal,B31,R29,3.3
R29,terminal,B31,3.3
terminal,B31,R30,3.0
R30,terminal,B31,3.0
terminal,B31,R31,3.0
R31,terminal,B31,3.0
terminal,B31,R32,2.5
R32,terminal,B31,2.5
terminal,B31,R33,2.1
R33,terminal,B31,2.1
terminal,B31,R34,2.7
R34,terminal,B31,2.7
terminal,B31,R35,2.8
R35,terminal,B31,2.8
terminal,B31,R36,3.6
R36,terminal,B31,3.6
terminal,B31,R37,2.5
R37,terminal,B31,2.5
terminal,B32,R1,3.2
R1,terminal,B32,3.2
terminal,B32,R2,3.0
R2,terminal,B32,3.0
terminal,B32,R3,2.9
R3,terminal,B32,2.9
terminal,B32,R4,2.8
R4,terminal,B32,2.8
terminal,B32,R5,3.0
R5,terminal,B32,3.0
terminal,B32,R6,2.5
R6,terminal,B32,2.5
terminal,B32,R7,3.3
R7,terminal,B32,3.3
terminal,B32,R8,2.8
R8,terminal,B32,2.8
terminal,B32,R9,3.5
R9,terminal,B32,3.5
terminal,B32,R10,3.4
R10,terminal,B32,3.4
terminal,B32,R11,2.8
R11,terminal,B32,2.8
terminal,B32,R12,3.0
R12,terminal,B32,3.0
terminal,B32,R13,2.8
R13,terminal,B32,2.8
terminal,B32,R14,3.3
R14,terminal,B32,3.3
terminal,B32,R15,2.6
R15,terminal,B32,2.6
terminal,B32,R16,3.6
R16,terminal,B32,3.6
terminal,B32,R17,3.8
R17,terminal,B32,3.8
terminal,B32,R18,2.4
R18,terminal,B32,2.4
terminal,B32,R19,3.7
R19,terminal,B32,3.7
terminal,B32,R20,2.7
R20,terminal,B32,2.7
terminal,B32,R21,2.3
R21,terminal,B32,2.3
terminal,B32,R22,3.5
R22,terminal,B32,3.5
terminal,B32,R23,3.8
R23,terminal,B32,3.8
terminal,B32,R24,3.1
R24,terminal,B32,3.1
terminal,B32,R25,2.4
R25,terminal,B32,2.4
terminal,B32,R26,2.4
R26,terminal,B32,2.4
terminal,B32,R27,3.3
R27,terminal,B32,3.3
terminal,B32,R28,3.2
R28,terminal,B32,3.2
terminal,B32,R29,3.2
R29,terminal,B32,3.2
terminal,B32,R30,2.9
R30,terminal,B32,2.9
terminal,B32,R31,3.0
R31,terminal,B32,3.0
terminal,B32,R32,3.0
R32,terminal,B32,3.0
terminal,B32,R33,3.5
R33,terminal,B32,3.5
terminal,B32,R34,2.6
R34,terminal,B32,2.6
terminal,B32,R35,3.5
R35,terminal,B32,3.5
terminal,B32,R36,3.1
R36,terminal,B32,3.1
terminal,B32,R37,2.6
R37,terminal,B32,2.6
terminal,B33,R1,2.8
R1,terminal,B33,2.8
terminal,B33,R2,2.2
R2,terminal,B33,2.2
terminal,B33,R3,3.0
R3,terminal,B33,3.0
terminal,B33,R4,2.5
R4,terminal,B33,2.5
terminal,B33,R5,3.9
R5,terminal,B33,3.9
terminal,B33,R6,2.4
R6,terminal,B33,2.4
terminal,B33,R7,2.8
R7,terminal,B33,2.8
terminal,B33,R8,3.0
R8,terminal,B33,3.0
terminal,B33,R9,2.8
R9,terminal,B33,2.8
terminal,B33,R10,2.9
R10,terminal,B33,2.9
terminal,B33,R11,3.5
R11,terminal,B33,3.5
terminal,B33,R12,2.9
R12,terminal,B33,2.9
terminal,B33,R13,2.8
R13,terminal,B33,2.8
terminal,B33,R14,2.2
R14,terminal,B33,2.2
terminal,B33,R15,3.3
R15,terminal,B33,3.3
terminal,B33,R16,3.6
R16,terminal,B33,3.6
terminal,B33,R17,2.8
R17,terminal,B33,2.8
terminal,B33,R18,3.3
R18,terminal,B33,3.3
terminal,B33,R19,2.8
R19,terminal,B33,2.8
terminal,B33,R20,3.1
R20,terminal,B33,3.1
terminal,B33,R21,2.9
R21,terminal,B33,2.9
terminal,B33,R22,3.5
R22,terminal,B33,3.5
terminal,B33,R23,4.0
R23,terminal,B33,4.0
terminal,B33,R24,3.6
R24,terminal,B33,3.6
terminal,B33,R25,3.8
R25,terminal,B33,3.8
terminal,B33,R26,3.7
R26,terminal,B33,3.7
terminal,B33,R27,2.6
R27,terminal,B33,2.6
terminal,B33,R28,3.2
R28,terminal,B33,3.2
terminal,B33,R29,2.4
R29,terminal,B33,2.4
terminal,B33,R30,3.1
R30,terminal,B33,3.1
terminal,B33,R31,2.7
R31,terminal,B33,2.7
terminal,B33,R32,3.4
R32,terminal,B33,3.4
terminal,B33,R33,2.9
R33,terminal,B33,2.9
terminal,B33,R34,3.2
R34,terminal,B33,3.2
terminal,B33,R35,3.6
R35,terminal,B33,3.6
terminal,B33,R36,2.9
R36,terminal,B33,2.9
terminal,B33,R37,2.7
R37,terminal,B33,2.7
terminal,B34,R1,3.2
R1,terminal,B34,3.2
terminal,B34,R2,3.1
R2,terminal,B34,3.1
terminal,B34,R3,2.9
R3,terminal,B34,2.9
terminal,B34,R4,3.0
R4,terminal,B34,3.0
terminal,B34,R5,2.5
R5,terminal,B34,2.5
terminal,B34,R6,3.6
R6,terminal,B34,3.6
terminal,B34,R7,3.3
R7,terminal,B34,3.3
terminal,B34,R8,2.5
R8,terminal,B34,2.5
terminal,B34,R9,4.3
R9,terminal,B34,4.3
terminal,B34,R10,2.9
R10,terminal,B34,2.9
terminal,B34,R11,2.2
R11,terminal,B34,2.2
terminal,B34,R12,2.2
R12,terminal,B34,2.2
terminal,B34,R13,3.2
R13,terminal,B34,3.2
terminal,B34,R14,2.8
R14,terminal,B34,2.8
terminal,B34,R15,3.5
R15,terminal,B34,3.5
terminal,B34,R16,3.2
R16,terminal,B34,3.2
terminal,B34,R17,3.5
R17,terminal,B34,3.5
terminal,B34,R18,2.9
R18,terminal,B34,2.9
terminal,B34,R19,2.1
R19,terminal,B34,2.1
terminal,B34,R20,3.0
R20,terminal,B34,3.0
terminal,B34,R21,1.6
R21,terminal,B34,1.6
terminal,B34,R22,2.8
R22,terminal,B34,2.8
terminal,B34,R23,2.9
R23,terminal,B34,2.9
terminal,B34,R24,3.3
R24,terminal,B34,3.3
terminal,B34,R25,2.8
R25,terminal,B34,2.8
terminal,B34,R26,3.3
R26,terminal,B34,3.3
terminal,B34,R27,3.0
R27,terminal,B34,3.0
terminal,B34,R28,3.2
R28,terminal,B34,3.2
terminal,B34,R29,3.3
R29,terminal,B34,3.3
terminal,B34,R30,3.5
R30,terminal,B34,3.5
terminal,B34,R31,3.1
R31,terminal,B34,3.1
terminal,B34,R32,2.9
R32,terminal,B34,2.9
terminal,B34,R33,3.6
R33,terminal,B34,3.6
terminal,B34,R34,3.1
R34,terminal,B34,3.1
terminal,B34,R35,2.5
R35,terminal,B34,2.5
terminal,B34,R36,2.8
R36,terminal,B34,2.8
terminal,B34,R37,2.7
R37,terminal,B34,2.7
terminal,B35,R1,3.2
R1,terminal,B35,3.2
terminal,B35,R2,1.9
R2,terminal,B35,1.9
terminal,B35,R3,3.2
R3,terminal,B35,3.2
terminal,B35,R4,3.3
R4,terminal,B35,3.3
terminal,B35,R5,3.3
R5,terminal,B35,3.3
terminal,B35,R6,3.4
R6,terminal,B35,3.4
terminal,B35,R7,3.3
R7,terminal,B35,3.3
terminal,B35,R8,3.1
R8,terminal,B35,3.1
terminal,B35,R9,2.3
R9,terminal,B35,2.3
terminal,B35,R10,3.5
R10,terminal,B35,3.5
terminal,B35,R11,2.9
R11,terminal,B35,2.9
terminal,B35,R12,2.6
R12,terminal,B35,2.6
terminal,B35,R13,3.1
R13,terminal,B35,3.1
terminal,B35,R14,2.9
R14,terminal,B35,2.9
terminal,B35,R15,2.4
R15,terminal,B35,2.4
terminal,B35,R16,2.9
R16,terminal,B35,2.9
terminal,B35,R17,2.3
R17,terminal,B35,2.3
terminal,B35,R18,2.8
R18,terminal,B35,2.8
terminal,B35,R19,3.3
R19,terminal,B35,3.3
terminal,B35,R20,2.2
R20,terminal,B35,2.2
terminal,B35,R21,2.7
R21,terminal,B35,2.7
terminal,B35,R22,3.3
R22,terminal,B35,3.3
terminal,B35,R23,3.0
R23,terminal,B35,3.0
terminal,B35,R24,3.0
R24,terminal,B35,3.0
terminal,B35,R25,3.8
R25,terminal,B35,3.8
terminal,B35,R26,2.8
R26,terminal,B35,2.8
terminal,B35,R27,2.7
R27,terminal,B35,2.7
terminal,B35,R28,3.4
R28,terminal,B35,3.4
terminal,B35,R29,3.3
R29,terminal,B35,3.3
terminal,B35,R30,3.4
R30,terminal,B35,3.4
terminal,B35,R31,3.0
R31,terminal,B35,3.0
terminal,B35,R32,2.9
R32,terminal,B35,2.9
terminal,B35,R33,2.8
R33,terminal,B35,2.8
terminal,B35,R34,3.4
R34,terminal,B35,3.4
terminal,B35,R35,2.4
R35,terminal,B35,2.4
terminal,B35,R36,2.8
R36,terminal,B35,2.8
terminal,B35,R37,2.7
R37,terminal,B35,2.7
terminal,B36,R1,2.7
R1,terminal,B36,2.7
terminal,B36,R2,3.2
R2,terminal,B36,3.2
terminal,B36,R3,2.9
R3,terminal,B36,2.9
terminal,B36,R4,3.1
R4,terminal,B36,3.1
terminal,B36,R5,2.1
R5,terminal,B36,2.1
terminal,B36,R6,2.7
R6,terminal,B36,2.7
terminal,B36,R7,3.1
R7,terminal,B36,3.1
terminal,B36,R8,2.7
R8,terminal,B36,2.7
terminal,B36,R9,2.3
R9,terminal,B36,2.3
terminal,B36,R10,2.7
R10,terminal,B36,2.7
terminal,B36,R11,3.0
R11,terminal,B36,3.0
terminal,B36,R12,2.7
R12,terminal,B36,2.7
terminal,B36,R13,3.3
R13,terminal,B36,3.3
terminal,B36,R14,2.5
R14,terminal,B36,2.5
terminal,B36,R15,3.3
R15,terminal,B36,3.3
terminal,B36,R16,2.5
R16,terminal,B36,2.5
terminal,B36,R17,3.3
R17,terminal,B36,3.3
terminal,B36,R18,3.1
R18,terminal,B36,3.1
terminal,B36,R19,2.9
R19,terminal,B36,2.9
terminal,B36,R20,3.0
R20,terminal,B36,3.0
terminal,B36,R21,3.3
R21,terminal,B36,3.3
terminal,B36,R22,2.9
R22,terminal,B36,2.9
terminal,B36,R23,3.3
R23,terminal,B36,3.3
terminal,B36,R24,3.0
R24,terminal,B36,3.0
terminal,B36,R25,3.0
R25,terminal,B36,3.0
terminal,B36,R26,2.8
R26,terminal,B36,2.8
terminal,B36,R27,2.6
R27,terminal,B36,2.6
terminal,B36,R28,3.0
R28,terminal,B36,3.0
terminal,B36,R29,4.2
R29,terminal,B36,4.2
terminal,B36,R30,2.7
R30,terminal,B36,2.7
terminal,B36,R31,3.0
R31,terminal,B36,3.0
terminal,B36,R32,3.1
R32,terminal,B36,3.1
terminal,B36,R33,3.3
R33,terminal,B36,3.3
terminal,B36,R34,3.0
R34,terminal,B36,3.0
terminal,B36,R35,3.0
R35,terminal,B36,3.0
terminal,B36,R36,3.1
R36,terminal,B36,3.1
terminal,B36,R37,2.9
R37,terminal,B36,2.9
terminal,B37,R1,2.7
R1,terminal,B37,2.7
terminal,B37,R2,2.8
R2,terminal,B37,2.8
terminal,B37,R3,3.6
R3,terminal,B37,3.6
terminal,B37,R4,3.4
R4,terminal,B37,3.4
terminal,B37,R5,3.1
R5,terminal,B37,3.1
terminal,B37,R6,3.5
R6,terminal,B37,3.5
terminal,B37,R7,3.0
R7,terminal,B37,3.0
terminal,B37,R8,3.0
R8,terminal,B37,3.0
terminal,B37,R9,3.2
R9,terminal,B37,3.2
terminal,B37,R10,2.8
R10,terminal,B37,2.8
terminal,B37,R11,3.0
R11,terminal,B37,3.0
terminal,B37,R12,2.4
R12,terminal,B37,2.4
terminal,B37,R13,3.4
R13,terminal,B37,3.4
terminal,B37,R14,2.4
R14,terminal,B37,2.4
terminal,B37,R15,2.4
R15,terminal,B37,2.4
terminal,B37,R16,3.4
R16,terminal,B37,3.4
terminal,B37,R17,3.1
R17,terminal,B37,3.1
terminal,B37,R18,2.8
R18,terminal,B37,2.8
terminal,B37,R19,2.5
R19,terminal,B37,2.5
terminal,B37,R20,2.9
R20,terminal,B37,2.9
terminal,B37,R21,3.0
R21,terminal,B37,3.0
terminal,B37,R22,3.1
R22,terminal,B37,3.1
terminal,B37,R23,3.0
R23,terminal,B37,3.0
terminal,B37,R24,3.2
R24,terminal,B37,3.2
terminal,B37,R25,3.1
R25,terminal,B37,3.1
terminal,B37,R26,3.3
R26,terminal,B37,3.3
terminal,B37,R27,2.8
R27,terminal,B37,2.8
terminal,B37,R28,3.4
R28,terminal,B37,3.4
terminal,B37,R29,2.8
R29,terminal,B37,2.8
terminal,B37,R30,3.0
R30,terminal,B37,3.0
terminal,B37,R31,3.2
R31,terminal,B37,3.2
terminal,B37,R32,2.9
R32,terminal,B37,2.9
terminal,B37,R33,3.5
R33,terminal,B37,3.5
terminal,B37,R34,3.6
R34,terminal,B37,3.6
terminal,B37,R35,2.7
R35,terminal,B37,2.7
terminal,B37,R36,3.3
R36,terminal,B37,3.3
terminal,B37,R37,3.2
R37,terminal,B37,3.2
terminal,B38,R1,3.1
R1,terminal,B38,3.1
terminal,B38,R2,3.2
R2,terminal,B38,3.2
terminal,B38,R3,3.7
R3,terminal,B38,3.7
terminal,B38,R4,2.8
R4,terminal,B38,2.8
terminal,B38,R5,3.3
R5,terminal,B38,3.3
terminal,B38,R6,3.7
R6,terminal,B38,3.7
terminal,B38,R7,3.6
R7,terminal,B38,3.6
terminal,B38,R8,3.1
R8,terminal,B38,3.1
terminal,B38,R9,2.7
R9,terminal,B38,2.7
terminal,B38,R10,3.2
R10,terminal,B38,3.2
terminal,B38,R11,3.4
R11,terminal,B38,3.4
terminal,B38,R12,3.2
R12,terminal,B38,3.2
terminal,B38,R13,3.1
R13,terminal,B38,3.1
terminal,B38,R14,3.1
R14,terminal,B38,3.1
terminal,B38,R15,3.5
R15,terminal,B38,3.5
terminal,B38,R16,2.6
R16,terminal,B38,2.6
terminal,B38,R17,3.5
R17,terminal,B38,3.5
terminal,B38,R18,2.6
R18,terminal,B38,2.6
terminal,B38,R19,2.7
R19,terminal,B38,2.7
terminal,B38,R20,2.3
R20,terminal,B38,2.3
terminal,B38,R21,2.6
R21,terminal,B38,2.6
terminal,B38,R22,3.0
R22,terminal,B38,3.0
terminal,B38,R23,3.5
R23,terminal,B38,3.5
terminal,B38,R24,3.0
R24,terminal,B38,3.0
terminal,B38,R25,3.3
R25,terminal,B38,3.3
terminal,B38,R26,3.7
R26,terminal,B38,3.7
terminal,B38,R27,3.5
R27,terminal,B38,3.5
terminal,B38,R28,2.7
R28,terminal,B38,2.7
terminal,B38,R29,3.2
R29,terminal,B38,3.2
terminal,B38,R30,3.8
R30,terminal,B38,3.8
terminal,B38,R31,3.1
R31,terminal,B38,3.1
terminal,B38,R32,2.8
R32,terminal,B38,2.8
terminal,B38,R33,2.8
R33,terminal,B38,2.8
terminal,B38,R34,3.4
R34,terminal,B38,3.4
terminal,B38,R35,2.7
R35,terminal,B38,2.7
terminal,B38,R36,3.2
R36,terminal,B38,3.2
terminal,B38,R37,3.5
R37,terminal,B38,3.5
terminal,B39,R1,3.1
R1,terminal,B39,3.1
terminal,B39,R2,3.3
R2,terminal,B39,3.3
terminal,B39,R3,2.8
R3,terminal,B39,2.8
terminal,B39,R4,2.6
R4,terminal,B39,2.6
terminal,B39,R5,2.1
R5,terminal,B39,2.1
terminal,B39,R6,3.1
R6,terminal,B39,3.1
terminal,B39,R7,2.8
R7,terminal,B39,2.8
terminal,B39,R8,2.7
R8,terminal,B39,2.7
terminal,B39,R9,2.3
R9,terminal,B39,2.3
terminal,B39,R10,2.7
R10,terminal,B39,2.7
terminal,B39,R11,2.9
R11,terminal,B39,2.9
terminal,B39,R12,2.9
R12,terminal,B39,2.9
terminal,B39,R13,3.0
R13,terminal,B39,3.0
terminal,B39,R14,3.0
R14,terminal,B39,3.0
terminal,B39,R15,3.4
R15,terminal,B39,3.4
terminal,B39,R16,3.2
R16,terminal,B39,3.2
terminal,B39,R17,2.6
R17,terminal,B39,2.6
terminal,B39,R18,3.3
R18,terminal,B39,3.3
terminal,B39,R19,3.2
R19,terminal,B39,3.2
terminal,B39,R20,3.6
R20,terminal,B39,3.6
terminal,B39,R21,3.1
R21,terminal,B39,3.1
terminal,B39,R22,3.4
R22,terminal,B39,3.4
terminal,B39,R23,3.1
R23,terminal,B39,3.1
terminal,B39,R24,3.9
R24,terminal,B39,3.9
terminal,B39,R25,3.6
R25,terminal,B39,3.6
terminal,B39,R26,2.9
R26,terminal,B39,2.9
terminal,B39,R27,3.4
R27,terminal,B39,3.4
terminal,B39,R28,3.6
R28,terminal,B39,3.6
terminal,B39,R29,2.8
R29,terminal,B39,2.8
terminal,B39,R30,3.3
R30,terminal,B39,3.3
terminal,B39,R31,2.9
R31,terminal,B39,2.9
terminal,B39,R32,2.9
R32,terminal,B39,2.9
terminal,B39,R33,2.6
R33,terminal,B39,2.6
terminal,B39,R34,3.0
R34,terminal,B39,3.0
terminal,B39,R35,3.1
R35,terminal,B39,3.1
terminal,B39,R36,2.4
R36,terminal,B39,2.4
terminal,B39,R37,3.3
R37,terminal,B39,3.3
terminal,B40,R1,2.9
R1,terminal,B40,2.9
terminal,B40,R2,3.1
R2,terminal,B40,3.1
terminal,B40,R3,2.4
R3,terminal,B40,2.4
terminal,B40,R4,2.9
R4,terminal,B40,2.9
terminal,B40,R5,3.6
R5,terminal,B40,3.6
terminal,B40,R6,2.9
R6,terminal,B40,2.9
terminal,B40,R7,2.9
R7,terminal,B40,2.9
terminal,B40,R8,3.3
R8,terminal,B40,3.3
terminal,B40,R9,3.0
R9,terminal,B40,3.0
terminal,B40,R10,2.7
R10,terminal,B40,2.7
terminal,B40,R11,3.4
R11,terminal,B40,3.4
terminal,B40,R12,2.5
R12,terminal,B40,2.5
terminal,B40,R13,3.0
R13,terminal,B40,3.0
terminal,B40,R14,3.0
R14,terminal,B40,3.0
terminal,B40,R15,3.2
R15,terminal,B40,3.2
terminal,B40,R16,3.5
R16,terminal,B40,3.5
terminal,B40,R17,3.4
R17,terminal,B40,3.4
terminal,B40,R18,2.8
R18,terminal,B40,2.8
terminal,B40,R19,3.1
R19,terminal,B40,3.1
terminal,B40,R20,3.0
R20,terminal,B40,3.0
terminal,B40,R21,3.1
R21,terminal,B40,3.1
terminal,B40,R22,3.5
R22,terminal,B40,3.5
terminal,B40,R23,2.8
R23,terminal,B40,2.8
terminal,B40,R24,2.6
R24,terminal,B40,2.6
terminal,B40,R25,3.0
R25,terminal,B40,3.0
terminal,B40,R26,3.1
R26,terminal,B40,3.1
terminal,B40,R27,2.6
R27,terminal,B40,2.6
terminal,B40,R28,2.1
R28,terminal,B40,2.1
terminal,B40,R29,3.0
R29,terminal,B40,3.0
terminal,B40,R30,2.5
R30,terminal,B40,2.5
terminal,B40,R31,3.0
R31,terminal,B40,3.0
terminal,B40,R32,3.5
R32,terminal,B40,3.5
terminal,B40,R33,3.5
R33,terminal,B40,3.5
terminal,B40,R34,3.2
R34,terminal,B40,3.2
terminal,B40,R35,2.8
R35,terminal,B40,2.8
terminal,B40,R36,2.6
R36,terminal,B40,2.6
terminal,B40,R37,3.6
R37,terminal,B40,3.6
